ID,input1_AvgIpc,input1_BCUT2D_CHGHI,input1_BCUT2D_CHGLO,input1_BCUT2D_LOGPHI,input1_BCUT2D_LOGPLOW,input1_BCUT2D_MRHI,input1_BCUT2D_MRLOW,input1_BCUT2D_MWHI,input1_BalabanJ,input1_BertzCT,input1_Chi0,input1_Chi0n,input1_Chi0v,input1_Chi1,input1_Chi1n,input1_Chi1v,input1_Chi2n,input1_Chi2v,input1_Chi3n,input1_Chi3v,input1_Chi4n,input1_Chi4v,input1_EState_VSA3,input1_EState_VSA4,input1_EState_VSA5,input1_EState_VSA8,input1_EState_VSA9,input1_ExactMolWt,input1_FpDensityMorgan3,input1_HallKierAlpha,input1_HeavyAtomCount,input1_HeavyAtomMolWt,input1_Ipc,input1_Kappa1,input1_Kappa2,input1_Kappa3,input1_LabuteASA,input1_MaxAbsEStateIndex,input1_MaxAbsPartialCharge,input1_MaxEStateIndex,input1_MaxPartialCharge,input1_MinAbsEStateIndex,input1_MinAbsPartialCharge,input1_MinEStateIndex,input1_MinPartialCharge,input1_MolLogP,input1_MolMR,input1_MolWt,input1_NOCount,input1_NumAtomStereoCenters,input1_NumHAcceptors,input1_NumHeteroatoms,input1_NumRotatableBonds,input1_NumUnspecifiedAtomStereoCenters,input1_NumValenceElectrons,input1_PEOE_VSA1,input1_PEOE_VSA6,input1_PEOE_VSA8,input1_PEOE_VSA9,input1_Phi,input1_SMR_VSA1,input1_SMR_VSA4,input1_SMR_VSA6,input1_SPS,input1_SlogP_VSA2,input1_SlogP_VSA3,input1_SlogP_VSA4,input1_TPSA,input1_VSA_EState1,input1_VSA_EState4,input1_VSA_EState5,input1_VSA_EState8,input1_qed,input1_fr_ether,input2_AvgIpc,input2_BCUT2D_CHGHI,input2_BCUT2D_CHGLO,input2_BCUT2D_LOGPHI,input2_BCUT2D_LOGPLOW,input2_BCUT2D_MRHI,input2_BCUT2D_MRLOW,input2_BCUT2D_MWLOW,input2_BalabanJ,input2_BertzCT,input2_Chi0,input2_Chi0n,input2_Chi0v,input2_Chi1,input2_Chi1n,input2_Chi1v,input2_Chi2n,input2_Chi2v,input2_Chi3n,input2_Chi3v,input2_Chi4n,input2_Chi4v,input2_EState_VSA1,input2_EState_VSA10,input2_EState_VSA2,input2_EState_VSA3,input2_EState_VSA4,input2_EState_VSA6,input2_EState_VSA7,input2_EState_VSA8,input2_EState_VSA9,input2_ExactMolWt,input2_FpDensityMorgan1,input2_FpDensityMorgan2,input2_FpDensityMorgan3,input2_FractionCSP3,input2_HallKierAlpha,input2_HeavyAtomCount,input2_HeavyAtomMolWt,input2_Ipc,input2_Kappa1,input2_Kappa2,input2_Kappa3,input2_LabuteASA,input2_MaxAbsEStateIndex,input2_MaxAbsPartialCharge,input2_MaxEStateIndex,input2_MinAbsEStateIndex,input2_MinEStateIndex,input2_MinPartialCharge,input2_MolLogP,input2_MolMR,input2_MolWt,input2_NHOHCount,input2_NOCount,input2_NumAliphaticHeterocycles,input2_NumAliphaticRings,input2_NumAromaticCarbocycles,input2_NumAromaticRings,input2_NumAtomStereoCenters,input2_NumHAcceptors,input2_NumHDonors,input2_NumHeteroatoms,input2_NumHeterocycles,input2_NumRotatableBonds,input2_NumSaturatedHeterocycles,input2_NumSaturatedRings,input2_NumUnspecifiedAtomStereoCenters,input2_NumValenceElectrons,input2_PEOE_VSA1,input2_PEOE_VSA10,input2_PEOE_VSA2,input2_PEOE_VSA6,input2_PEOE_VSA7,input2_PEOE_VSA8,input2_Phi,input2_RingCount,input2_SMR_VSA1,input2_SMR_VSA3,input2_SMR_VSA5,input2_SMR_VSA6,input2_SMR_VSA7,input2_SMR_VSA9,input2_SlogP_VSA1,input2_SlogP_VSA11,input2_SlogP_VSA2,input2_SlogP_VSA3,input2_SlogP_VSA5,input2_SlogP_VSA6,input2_TPSA,input2_VSA_EState1,input2_VSA_EState2,input2_VSA_EState3,input2_VSA_EState4,input2_VSA_EState5,input2_VSA_EState6,input2_VSA_EState7,input2_VSA_EState8,input2_VSA_EState9,input2_qed,input2_fr_Al_OH,input2_fr_Al_OH_noTert,input2_fr_NH0,input2_fr_Ndealkylation1,input2_fr_benzene,input2_fr_ether,input2_fr_morpholine,input2_fr_unbrch_alkane,input3_AvgIpc,input3_BCUT2D_CHGHI,input3_BCUT2D_CHGLO,input3_BCUT2D_LOGPHI,input3_BCUT2D_LOGPLOW,input3_BCUT2D_MRHI,input3_BCUT2D_MRLOW,input3_BCUT2D_MWLOW,input3_BalabanJ,input3_BertzCT,input3_Chi0,input3_Chi0n,input3_Chi0v,input3_Chi1,input3_Chi1n,input3_Chi1v,input3_Chi2n,input3_Chi2v,input3_Chi3n,input3_Chi3v,input3_Chi4n,input3_Chi4v,input3_EState_VSA1,input3_EState_VSA10,input3_EState_VSA2,input3_EState_VSA3,input3_EState_VSA7,input3_EState_VSA8,input3_EState_VSA9,input3_ExactMolWt,input3_FpDensityMorgan2,input3_FpDensityMorgan3,input3_FractionCSP3,input3_HallKierAlpha,input3_HeavyAtomCount,input3_HeavyAtomMolWt,input3_Ipc,input3_Kappa1,input3_Kappa2,input3_Kappa3,input3_LabuteASA,input3_MaxAbsEStateIndex,input3_MaxAbsPartialCharge,input3_MaxEStateIndex,input3_MinAbsEStateIndex,input3_MinEStateIndex,input3_MinPartialCharge,input3_MolLogP,input3_MolMR,input3_MolWt,input3_NHOHCount,input3_NOCount,input3_NumAromaticCarbocycles,input3_NumAromaticRings,input3_NumAtomStereoCenters,input3_NumHAcceptors,input3_NumHDonors,input3_NumHeteroatoms,input3_NumRotatableBonds,input3_NumUnspecifiedAtomStereoCenters,input3_NumValenceElectrons,input3_PEOE_VSA1,input3_PEOE_VSA10,input3_PEOE_VSA6,input3_PEOE_VSA7,input3_PEOE_VSA8,input3_PEOE_VSA9,input3_Phi,input3_RingCount,input3_SMR_VSA1,input3_SMR_VSA5,input3_SMR_VSA6,input3_SMR_VSA7,input3_SMR_VSA9,input3_SPS,input3_SlogP_VSA1,input3_SlogP_VSA11,input3_SlogP_VSA2,input3_SlogP_VSA3,input3_SlogP_VSA5,input3_SlogP_VSA6,input3_TPSA,input3_VSA_EState1,input3_VSA_EState2,input3_VSA_EState3,input3_VSA_EState4,input3_VSA_EState5,input3_VSA_EState6,input3_VSA_EState7,input3_VSA_EState8,input3_VSA_EState9,input3_qed,input3_fr_Al_OH,input3_fr_Al_OH_noTert,input3_fr_benzene,input3_fr_ether,input4_AvgIpc,input4_BCUT2D_CHGHI,input4_BCUT2D_CHGLO,input4_BCUT2D_LOGPHI,input4_BCUT2D_LOGPLOW,input4_BCUT2D_MRHI,input4_BCUT2D_MRLOW,input4_BCUT2D_MWHI,input4_BalabanJ,input4_BertzCT,input4_Chi0,input4_Chi0n,input4_Chi0v,input4_Chi1,input4_Chi1n,input4_Chi1v,input4_Chi2n,input4_Chi2v,input4_Chi3n,input4_Chi3v,input4_Chi4n,input4_Chi4v,input4_EState_VSA3,input4_EState_VSA4,input4_EState_VSA5,input4_EState_VSA8,input4_EState_VSA9,input4_ExactMolWt,input4_FpDensityMorgan3,input4_HallKierAlpha,input4_HeavyAtomCount,input4_HeavyAtomMolWt,input4_Ipc,input4_Kappa1,input4_Kappa2,input4_Kappa3,input4_LabuteASA,input4_MaxAbsEStateIndex,input4_MaxAbsPartialCharge,input4_MaxEStateIndex,input4_MaxPartialCharge,input4_MinAbsEStateIndex,input4_MinAbsPartialCharge,input4_MinEStateIndex,input4_MinPartialCharge,input4_MolLogP,input4_MolMR,input4_MolWt,input4_NOCount,input4_NumAtomStereoCenters,input4_NumHAcceptors,input4_NumHeteroatoms,input4_NumRotatableBonds,input4_NumUnspecifiedAtomStereoCenters,input4_NumValenceElectrons,input4_PEOE_VSA1,input4_PEOE_VSA6,input4_PEOE_VSA8,input4_PEOE_VSA9,input4_Phi,input4_SMR_VSA1,input4_SMR_VSA4,input4_SMR_VSA6,input4_SPS,input4_SlogP_VSA2,input4_SlogP_VSA3,input4_SlogP_VSA4,input4_TPSA,input4_VSA_EState1,input4_VSA_EState4,input4_VSA_EState5,input4_VSA_EState8,input4_qed,input4_fr_ether,R_ratio,Target_norm
1,1.406,1.672,-1.807,1.579,-2.064,4.332,0.844,14.572,2.191,12.365,4.121,3.276,3.276,2.414,1.816,1.816,0.931,0.931,0.408,0.408,0.118,0.118,0,19.51,0,0,11.467,74.084,1.4,-0.08,5,64.047,11.245,4.92,3.92,3.92,32.149,5.059,0.33,5.059,-0.007,0.719,0.007,0.719,-0.33,-0.706,22.726,74.127,2,0,2,2,2,0,32,11.467,0,0,0,3.857,0,11.467,13.09,8.4,13.09,0,0,52.04,0,10.118,0,1.438,0.455,0,2.997,2.232,-2.264,2.33,-2.33,5.693,-0.148,9.78,1.77,1090.332,31.83,25.607,25.607,20.437,14.556,14.556,11.068,11.068,6.795,6.795,4.101,4.101,24.281,24.909,57.384,30.885,11.127,11.948,55.455,13.847,24.054,605.32,0.744,1.186,1.605,0.562,-3.22,43,558.349,1395852288,35.974,18.445,13.31,253.501,11.926,0.491,11.926,0.01,-0.994,-0.491,2.054,160.048,605.725,4,11,0,0,2,2,3,11,4,11,0,20,0,0,3,240,44.273,50.134,9.589,45.037,48.861,24.925,15.431,2,48.963,4.9,63.761,53.172,59.658,11.499,9.474,11.499,108.748,24.478,51.161,48.531,155.22,21.415,25.075,38.473,1.765,0.352,15.122,-1.661,5.987,1.722,0.164,4,4,1,1,2,4,0,0,3.113,2.232,-2.264,2.331,-2.273,5.693,-0.148,9.78,1.628,1184.063,36.616,31.5,31.5,24.043,18.873,18.873,13.955,13.955,8.955,8.955,5.573,5.573,12.208,19.802,43.781,37.306,62.502,25.671,18.947,699.471,1.02,1.46,0.659,-3.14,50,634.45,46846677904,43.025,24.917,18.2,301.197,12.225,0.491,12.225,0.02,-0.919,-0.491,7.621,198.8,699.97,2,9,2,2,2,9,2,9,28,2,282,34.06,50.134,109.748,61.826,18.381,6.421,21.441,2,38.75,128.789,46.565,59.658,11.499,12.8,9.474,11.499,85.824,24.478,122.293,48.531,114.76,21.757,25.879,20.381,1.851,0.597,15.415,12.622,9.878,2.037,0.068,2,2,2,4,1.406,1.672,-1.807,1.579,-2.064,4.332,0.844,14.572,2.191,12.365,4.121,3.276,3.276,2.414,1.816,1.816,0.931,0.931,0.408,0.408,0.118,0.118,0,19.51,0,0,11.467,74.084,1.4,-0.08,5,64.047,11.245,4.92,3.92,3.92,32.149,5.059,0.33,5.059,-0.007,0.719,0.007,0.719,-0.33,-0.706,22.726,74.127,2,0,2,2,2,0,32,11.467,0,0,0,3.857,0,11.467,13.09,8.4,13.09,0,0,52.04,0,10.118,0,1.438,0.455,0,1,6.058646174
2,1.68,1.924,-2.026,1.878,-2.216,4.561,0.604,14.641,2.832,37.061,5.699,4.853,4.853,3.308,2.765,2.765,1.746,1.746,1.062,1.062,0.418,0.418,6.042,19.386,0,6.924,11.467,102.116,2.286,-0.08,7,88.069,31.917,6.92,4.089,3.758,44.879,5.503,0.33,5.503,0.005,0.324,0.005,0.324,-0.33,0.072,31.938,102.181,2,1,2,2,3,1,44,11.467,6.924,6.042,0,4.042,0,11.467,6.545,14.143,12.587,0,0,52.04,0,10.728,0,2.787,0.53,0,2.997,2.232,-2.264,2.33,-2.33,5.693,-0.148,9.78,1.77,1090.332,31.83,25.607,25.607,20.437,14.556,14.556,11.068,11.068,6.795,6.795,4.101,4.101,24.281,24.909,57.384,30.885,11.127,11.948,55.455,13.847,24.054,605.32,0.744,1.186,1.605,0.562,-3.22,43,558.349,1395852288,35.974,18.445,13.31,253.501,11.926,0.491,11.926,0.01,-0.994,-0.491,2.054,160.048,605.725,4,11,0,0,2,2,3,11,4,11,0,20,0,0,3,240,44.273,50.134,9.589,45.037,48.861,24.925,15.431,2,48.963,4.9,63.761,53.172,59.658,11.499,9.474,11.499,108.748,24.478,51.161,48.531,155.22,21.415,25.075,38.473,1.765,0.352,15.122,-1.661,5.987,1.722,0.164,4,4,1,1,2,4,0,0,3.052,2.232,-2.264,2.331,-2.273,5.693,-0.148,9.78,1.702,1119.197,33.788,28.671,28.671,22.043,16.873,16.873,12.54,12.54,7.955,7.955,4.866,4.866,12.208,19.802,43.781,37.306,62.502,25.671,18.947,643.408,1.109,1.587,0.622,-3.14,46,586.406,6700778887,39.04,21.616,15.432,275.738,12.131,0.491,12.131,0.019,-0.918,-0.491,6.061,180.332,643.862,2,9,2,2,2,9,2,9,24,2,258,34.06,50.134,84.065,61.826,18.381,6.421,18.346,2,38.75,103.105,46.565,59.658,11.499,12.87,9.474,11.499,85.824,24.478,96.609,48.531,114.76,21.683,25.749,20.31,1.85,0.588,15.384,7.005,9.827,2.021,0.104,2,2,2,4,1.68,1.924,-2.026,1.878,-2.216,4.561,0.604,14.641,2.832,37.061,5.699,4.853,4.853,3.308,2.765,2.765,1.746,1.746,1.062,1.062,0.418,0.418,6.042,19.386,0,6.924,11.467,102.116,2.286,-0.08,7,88.069,31.917,6.92,4.089,3.758,44.879,5.503,0.33,5.503,0.005,0.324,0.005,0.324,-0.33,0.072,31.938,102.181,2,1,2,2,3,1,44,11.467,6.924,6.042,0,4.042,0,11.467,6.545,14.143,12.587,0,0,52.04,0,10.728,0,2.787,0.53,0,1,5.731735659
3,1.677,2.102,-2.176,2.07,-2.311,4.68,0.393,14.648,3.36,44.042,5.914,5.069,5.069,3.121,2.524,2.524,2.572,2.572,1.105,1.105,0.083,0.083,13.09,0,0,0,11.467,102.116,1.429,-0.08,7,88.069,26.839,6.92,2.285,2.596,44.879,5.337,0.33,5.337,-0.001,0.139,0.001,0.139,-0.33,-0.07,31.89,102.181,2,0,2,2,2,0,44,11.467,13.847,0,0,2.258,0,16.882,13.09,12,13.09,0,5.415,52.04,0,10.812,0,5.438,0.513,0,2.997,2.232,-2.264,2.33,-2.33,5.693,-0.148,9.78,1.77,1090.332,31.83,25.607,25.607,20.437,14.556,14.556,11.068,11.068,6.795,6.795,4.101,4.101,24.281,24.909,57.384,30.885,11.127,11.948,55.455,13.847,24.054,605.32,0.744,1.186,1.605,0.562,-3.22,43,558.349,1395852288,35.974,18.445,13.31,253.501,11.926,0.491,11.926,0.01,-0.994,-0.491,2.054,160.048,605.725,4,11,0,0,2,2,3,11,4,11,0,20,0,0,3,240,44.273,50.134,9.589,45.037,48.861,24.925,15.431,2,48.963,4.9,63.761,53.172,59.658,11.499,9.474,11.499,108.748,24.478,51.161,48.531,155.22,21.415,25.075,38.473,1.765,0.352,15.122,-1.661,5.987,1.722,0.164,4,4,1,1,2,4,0,0,3.196,2.233,-2.264,2.332,-2.273,5.693,-0.148,9.78,1.529,1282.095,40.859,35.742,35.742,27.043,21.873,21.873,16.076,16.076,10.455,10.455,6.634,6.634,12.208,19.802,43.781,37.306,62.502,25.671,18.947,783.565,0.911,1.304,0.702,-3.14,56,706.516,8.63114E+11,49.007,30.009,22.562,339.387,12.306,0.491,12.306,0.02,-0.921,-0.491,9.962,226.502,784.132,2,9,2,2,2,9,2,9,34,2,318,34.06,50.134,148.273,61.826,18.381,6.421,26.262,2,38.75,167.313,46.565,59.658,11.499,12.714,9.474,11.499,85.824,24.478,160.817,48.531,114.76,21.826,25.993,20.451,1.853,0.604,15.445,21.281,9.916,2.048,0.053,2,2,2,4,1.677,2.102,-2.176,2.07,-2.311,4.68,0.393,14.648,3.36,44.042,5.914,5.069,5.069,3.121,2.524,2.524,2.572,2.572,1.105,1.105,0.083,0.083,13.09,0,0,0,11.467,102.116,1.429,-0.08,7,88.069,26.839,6.92,2.285,2.596,44.879,5.337,0.33,5.337,-0.001,0.139,0.001,0.139,-0.33,-0.07,31.89,102.181,2,0,2,2,2,0,44,11.467,13.847,0,0,2.258,0,16.882,13.09,12,13.09,0,5.415,52.04,0,10.812,0,5.438,0.513,0,1,4.151952063
4,2.156,1.89,-2.046,1.792,-2.147,4.349,0.017,16.541,2.758,83.458,9.778,8.036,8.036,6.414,4.549,4.549,2.414,2.414,1.268,1.268,0.709,0.709,52.731,0,0,0,25.678,192.147,1.154,-0.2,13,172.099,812.703,12.8,11.8,11.8,79.314,5.227,0.378,5.227,0.07,0.555,0.07,0.555,-0.378,-1.046,50.566,192.259,5,0,5,5,10,0,80,25.678,0,13.09,39.641,11.618,14.211,11.467,52.731,10.615,52.731,14.211,0,79.73,15.395,10.453,0,4.652,0.432,3,2.997,2.232,-2.264,2.33,-2.33,5.693,-0.148,9.78,1.77,1090.332,31.83,25.607,25.607,20.437,14.556,14.556,11.068,11.068,6.795,6.795,4.101,4.101,24.281,24.909,57.384,30.885,11.127,11.948,55.455,13.847,24.054,605.32,0.744,1.186,1.605,0.562,-3.22,43,558.349,1395852288,35.974,18.445,13.31,253.501,11.926,0.491,11.926,0.01,-0.994,-0.491,2.054,160.048,605.725,4,11,0,0,2,2,3,11,4,11,0,20,0,0,3,240,44.273,50.134,9.589,45.037,48.861,24.925,15.431,2,48.963,4.9,63.761,53.172,59.658,11.499,9.474,11.499,108.748,24.478,51.161,48.531,155.22,21.415,25.075,38.473,1.765,0.352,15.122,-1.661,5.987,1.722,0.164,4,4,1,1,2,4,0,0,3.113,2.232,-2.264,2.331,-2.273,5.693,-0.148,9.78,1.628,1184.063,36.616,31.5,31.5,24.043,18.873,18.873,13.955,13.955,8.955,8.955,5.573,5.573,12.208,19.802,43.781,37.306,62.502,25.671,18.947,699.471,1.02,1.46,0.659,-3.14,50,634.45,46846677904,43.025,24.917,18.2,301.197,12.225,0.491,12.225,0.02,-0.919,-0.491,7.621,198.8,699.97,2,9,2,2,2,9,2,9,28,2,282,34.06,50.134,109.748,61.826,18.381,6.421,21.441,2,38.75,128.789,46.565,59.658,11.499,12.8,9.474,11.499,85.824,24.478,122.293,48.531,114.76,21.757,25.879,20.381,1.851,0.597,15.415,12.622,9.878,2.037,0.068,2,2,2,4,2.156,1.89,-2.046,1.792,-2.147,4.349,0.017,16.541,2.758,83.458,9.778,8.036,8.036,6.414,4.549,4.549,2.414,2.414,1.268,1.268,0.709,0.709,52.731,0,0,0,25.678,192.147,1.154,-0.2,13,172.099,812.703,12.8,11.8,11.8,79.314,5.227,0.378,5.227,0.07,0.555,0.07,0.555,-0.378,-1.046,50.566,192.259,5,0,5,5,10,0,80,25.678,0,13.09,39.641,11.618,14.211,11.467,52.731,10.615,52.731,14.211,0,79.73,15.395,10.453,0,4.652,0.432,3,9,5.842148143
5,1.406,1.672,-1.807,1.579,-2.064,4.332,0.844,14.572,2.191,12.365,4.121,3.276,3.276,2.414,1.816,1.816,0.931,0.931,0.408,0.408,0.118,0.118,0,19.51,0,0,11.467,74.084,1.4,-0.08,5,64.047,11.245,4.92,3.92,3.92,32.149,5.059,0.33,5.059,-0.007,0.719,0.007,0.719,-0.33,-0.706,22.726,74.127,2,0,2,2,2,0,32,11.467,0,0,0,3.857,0,11.467,13.09,8.4,13.09,0,0,52.04,0,10.118,0,1.438,0.455,0,2.997,2.232,-2.264,2.33,-2.33,5.693,-0.148,9.78,1.77,1090.332,31.83,25.607,25.607,20.437,14.556,14.556,11.068,11.068,6.795,6.795,4.101,4.101,24.281,24.909,57.384,30.885,11.127,11.948,55.455,13.847,24.054,605.32,0.744,1.186,1.605,0.562,-3.22,43,558.349,1395852288,35.974,18.445,13.31,253.501,11.926,0.491,11.926,0.01,-0.994,-0.491,2.054,160.048,605.725,4,11,0,0,2,2,3,11,4,11,0,20,0,0,3,240,44.273,50.134,9.589,45.037,48.861,24.925,15.431,2,48.963,4.9,63.761,53.172,59.658,11.499,9.474,11.499,108.748,24.478,51.161,48.531,155.22,21.415,25.075,38.473,1.765,0.352,15.122,-1.661,5.987,1.722,0.164,4,4,1,1,2,4,0,0,3.052,2.232,-2.264,2.331,-2.273,5.693,-0.148,9.78,1.702,1119.197,33.788,28.671,28.671,22.043,16.873,16.873,12.54,12.54,7.955,7.955,4.866,4.866,12.208,19.802,43.781,37.306,62.502,25.671,18.947,643.408,1.109,1.587,0.622,-3.14,46,586.406,6700778887,39.04,21.616,15.432,275.738,12.131,0.491,12.131,0.019,-0.918,-0.491,6.061,180.332,643.862,2,9,2,2,2,9,2,9,24,2,258,34.06,50.134,84.065,61.826,18.381,6.421,18.346,2,38.75,103.105,46.565,59.658,11.499,12.87,9.474,11.499,85.824,24.478,96.609,48.531,114.76,21.683,25.749,20.31,1.85,0.588,15.384,7.005,9.827,2.021,0.104,2,2,2,4,1.406,1.672,-1.807,1.579,-2.064,4.332,0.844,14.572,2.191,12.365,4.121,3.276,3.276,2.414,1.816,1.816,0.931,0.931,0.408,0.408,0.118,0.118,0,19.51,0,0,11.467,74.084,1.4,-0.08,5,64.047,11.245,4.92,3.92,3.92,32.149,5.059,0.33,5.059,-0.007,0.719,0.007,0.719,-0.33,-0.706,22.726,74.127,2,0,2,2,2,0,32,11.467,0,0,0,3.857,0,11.467,13.09,8.4,13.09,0,0,52.04,0,10.118,0,1.438,0.455,0,1,5.960388117
6,1.68,1.924,-2.026,1.878,-2.216,4.561,0.604,14.641,2.832,37.061,5.699,4.853,4.853,3.308,2.765,2.765,1.746,1.746,1.062,1.062,0.418,0.418,6.042,19.386,0,6.924,11.467,102.116,2.286,-0.08,7,88.069,31.917,6.92,4.089,3.758,44.879,5.503,0.33,5.503,0.005,0.324,0.005,0.324,-0.33,0.072,31.938,102.181,2,1,2,2,3,1,44,11.467,6.924,6.042,0,4.042,0,11.467,6.545,14.143,12.587,0,0,52.04,0,10.728,0,2.787,0.53,0,2.997,2.232,-2.264,2.33,-2.33,5.693,-0.148,9.78,1.77,1090.332,31.83,25.607,25.607,20.437,14.556,14.556,11.068,11.068,6.795,6.795,4.101,4.101,24.281,24.909,57.384,30.885,11.127,11.948,55.455,13.847,24.054,605.32,0.744,1.186,1.605,0.562,-3.22,43,558.349,1395852288,35.974,18.445,13.31,253.501,11.926,0.491,11.926,0.01,-0.994,-0.491,2.054,160.048,605.725,4,11,0,0,2,2,3,11,4,11,0,20,0,0,3,240,44.273,50.134,9.589,45.037,48.861,24.925,15.431,2,48.963,4.9,63.761,53.172,59.658,11.499,9.474,11.499,108.748,24.478,51.161,48.531,155.22,21.415,25.075,38.473,1.765,0.352,15.122,-1.661,5.987,1.722,0.164,4,4,1,1,2,4,0,0,3.113,2.232,-2.264,2.331,-2.273,5.693,-0.148,9.78,1.628,1184.063,36.616,31.5,31.5,24.043,18.873,18.873,13.955,13.955,8.955,8.955,5.573,5.573,12.208,19.802,43.781,37.306,62.502,25.671,18.947,699.471,1.02,1.46,0.659,-3.14,50,634.45,46846677904,43.025,24.917,18.2,301.197,12.225,0.491,12.225,0.02,-0.919,-0.491,7.621,198.8,699.97,2,9,2,2,2,9,2,9,28,2,282,34.06,50.134,109.748,61.826,18.381,6.421,21.441,2,38.75,128.789,46.565,59.658,11.499,12.8,9.474,11.499,85.824,24.478,122.293,48.531,114.76,21.757,25.879,20.381,1.851,0.597,15.415,12.622,9.878,2.037,0.068,2,2,2,4,1.68,1.924,-2.026,1.878,-2.216,4.561,0.604,14.641,2.832,37.061,5.699,4.853,4.853,3.308,2.765,2.765,1.746,1.746,1.062,1.062,0.418,0.418,6.042,19.386,0,6.924,11.467,102.116,2.286,-0.08,7,88.069,31.917,6.92,4.089,3.758,44.879,5.503,0.33,5.503,0.005,0.324,0.005,0.324,-0.33,0.072,31.938,102.181,2,1,2,2,3,1,44,11.467,6.924,6.042,0,4.042,0,11.467,6.545,14.143,12.587,0,0,52.04,0,10.728,0,2.787,0.53,0,1,5.939648631
7,2.156,1.89,-2.046,1.792,-2.147,4.349,0.017,16.541,2.758,83.458,9.778,8.036,8.036,6.414,4.549,4.549,2.414,2.414,1.268,1.268,0.709,0.709,52.731,0,0,0,25.678,192.147,1.154,-0.2,13,172.099,812.703,12.8,11.8,11.8,79.314,5.227,0.378,5.227,0.07,0.555,0.07,0.555,-0.378,-1.046,50.566,192.259,5,0,5,5,10,0,80,25.678,0,13.09,39.641,11.618,14.211,11.467,52.731,10.615,52.731,14.211,0,79.73,15.395,10.453,0,4.652,0.432,3,2.997,2.232,-2.264,2.33,-2.33,5.693,-0.148,9.78,1.77,1090.332,31.83,25.607,25.607,20.437,14.556,14.556,11.068,11.068,6.795,6.795,4.101,4.101,24.281,24.909,57.384,30.885,11.127,11.948,55.455,13.847,24.054,605.32,0.744,1.186,1.605,0.562,-3.22,43,558.349,1395852288,35.974,18.445,13.31,253.501,11.926,0.491,11.926,0.01,-0.994,-0.491,2.054,160.048,605.725,4,11,0,0,2,2,3,11,4,11,0,20,0,0,3,240,44.273,50.134,9.589,45.037,48.861,24.925,15.431,2,48.963,4.9,63.761,53.172,59.658,11.499,9.474,11.499,108.748,24.478,51.161,48.531,155.22,21.415,25.075,38.473,1.765,0.352,15.122,-1.661,5.987,1.722,0.164,4,4,1,1,2,4,0,0,3.196,2.233,-2.264,2.332,-2.273,5.693,-0.148,9.78,1.529,1282.095,40.859,35.742,35.742,27.043,21.873,21.873,16.076,16.076,10.455,10.455,6.634,6.634,12.208,19.802,43.781,37.306,62.502,25.671,18.947,783.565,0.911,1.304,0.702,-3.14,56,706.516,8.63114E+11,49.007,30.009,22.562,339.387,12.306,0.491,12.306,0.02,-0.921,-0.491,9.962,226.502,784.132,2,9,2,2,2,9,2,9,34,2,318,34.06,50.134,148.273,61.826,18.381,6.421,26.262,2,38.75,167.313,46.565,59.658,11.499,12.714,9.474,11.499,85.824,24.478,160.817,48.531,114.76,21.826,25.993,20.451,1.853,0.604,15.445,21.281,9.916,2.048,0.053,2,2,2,4,2.156,1.89,-2.046,1.792,-2.147,4.349,0.017,16.541,2.758,83.458,9.778,8.036,8.036,6.414,4.549,4.549,2.414,2.414,1.268,1.268,0.709,0.709,52.731,0,0,0,25.678,192.147,1.154,-0.2,13,172.099,812.703,12.8,11.8,11.8,79.314,5.227,0.378,5.227,0.07,0.555,0.07,0.555,-0.378,-1.046,50.566,192.259,5,0,5,5,10,0,80,25.678,0,13.09,39.641,11.618,14.211,11.467,52.731,10.615,52.731,14.211,0,79.73,15.395,10.453,0,4.652,0.432,3,1,5.939648631
8,1.406,1.672,-1.807,1.579,-2.064,4.332,0.844,14.572,2.191,12.365,4.121,3.276,3.276,2.414,1.816,1.816,0.931,0.931,0.408,0.408,0.118,0.118,0,19.51,0,0,11.467,74.084,1.4,-0.08,5,64.047,11.245,4.92,3.92,3.92,32.149,5.059,0.33,5.059,-0.007,0.719,0.007,0.719,-0.33,-0.706,22.726,74.127,2,0,2,2,2,0,32,11.467,0,0,0,3.857,0,11.467,13.09,8.4,13.09,0,0,52.04,0,10.118,0,1.438,0.455,0,2.997,2.232,-2.264,2.33,-2.33,5.693,-0.148,9.78,1.77,1090.332,31.83,25.607,25.607,20.437,14.556,14.556,11.068,11.068,6.795,6.795,4.101,4.101,24.281,24.909,57.384,30.885,11.127,11.948,55.455,13.847,24.054,605.32,0.744,1.186,1.605,0.562,-3.22,43,558.349,1395852288,35.974,18.445,13.31,253.501,11.926,0.491,11.926,0.01,-0.994,-0.491,2.054,160.048,605.725,4,11,0,0,2,2,3,11,4,11,0,20,0,0,3,240,44.273,50.134,9.589,45.037,48.861,24.925,15.431,2,48.963,4.9,63.761,53.172,59.658,11.499,9.474,11.499,108.748,24.478,51.161,48.531,155.22,21.415,25.075,38.473,1.765,0.352,15.122,-1.661,5.987,1.722,0.164,4,4,1,1,2,4,0,0,3.113,2.232,-2.264,2.331,-2.273,5.693,-0.148,9.78,1.628,1184.063,36.616,31.5,31.5,24.043,18.873,18.873,13.955,13.955,8.955,8.955,5.573,5.573,12.208,19.802,43.781,37.306,62.502,25.671,18.947,699.471,1.02,1.46,0.659,-3.14,50,634.45,46846677904,43.025,24.917,18.2,301.197,12.225,0.491,12.225,0.02,-0.919,-0.491,7.621,198.8,699.97,2,9,2,2,2,9,2,9,28,2,282,34.06,50.134,109.748,61.826,18.381,6.421,21.441,2,38.75,128.789,46.565,59.658,11.499,12.8,9.474,11.499,85.824,24.478,122.293,48.531,114.76,21.757,25.879,20.381,1.851,0.597,15.415,12.622,9.878,2.037,0.068,2,2,2,4,1.406,1.672,-1.807,1.579,-2.064,4.332,0.844,14.572,2.191,12.365,4.121,3.276,3.276,2.414,1.816,1.816,0.931,0.931,0.408,0.408,0.118,0.118,0,19.51,0,0,11.467,74.084,1.4,-0.08,5,64.047,11.245,4.92,3.92,3.92,32.149,5.059,0.33,5.059,-0.007,0.719,0.007,0.719,-0.33,-0.706,22.726,74.127,2,0,2,2,2,0,32,11.467,0,0,0,3.857,0,11.467,13.09,8.4,13.09,0,0,52.04,0,10.118,0,1.438,0.455,0,9,5.948988657
9,1.827,1.946,-2.04,1.998,-2.117,4.518,0.525,14.547,2.862,45.793,6.406,5.56,5.56,3.808,3.21,3.21,2.272,2.272,1.303,1.303,0.584,0.584,5.918,19.51,6.421,6.924,11.467,116.131,2.375,-0.08,8,100.08,56.626,7.92,5.065,4.089,51.244,5.372,0.33,5.372,-0.005,0.651,0.005,0.651,-0.33,0.32,36.507,116.208,2,1,2,2,4,1,50,11.467,6.924,0,0,5.014,0,17.385,13.09,13.875,13.09,0,5.918,52.04,0,10.663,0.651,3.736,0.555,0,2.997,2.232,-2.264,2.33,-2.33,5.693,-0.148,9.78,1.77,1090.332,31.83,25.607,25.607,20.437,14.556,14.556,11.068,11.068,6.795,6.795,4.101,4.101,24.281,24.909,57.384,30.885,11.127,11.948,55.455,13.847,24.054,605.32,0.744,1.186,1.605,0.562,-3.22,43,558.349,1395852288,35.974,18.445,13.31,253.501,11.926,0.491,11.926,0.01,-0.994,-0.491,2.054,160.048,605.725,4,11,0,0,2,2,3,11,4,11,0,20,0,0,3,240,44.273,50.134,9.589,45.037,48.861,24.925,15.431,2,48.963,4.9,63.761,53.172,59.658,11.499,9.474,11.499,108.748,24.478,51.161,48.531,155.22,21.415,25.075,38.473,1.765,0.352,15.122,-1.661,5.987,1.722,0.164,4,4,1,1,2,4,0,0,3.196,2.233,-2.264,2.332,-2.273,5.693,-0.148,9.78,1.529,1282.095,40.859,35.742,35.742,27.043,21.873,21.873,16.076,16.076,10.455,10.455,6.634,6.634,12.208,19.802,43.781,37.306,62.502,25.671,18.947,783.565,0.911,1.304,0.702,-3.14,56,706.516,8.63114E+11,49.007,30.009,22.562,339.387,12.306,0.491,12.306,0.02,-0.921,-0.491,9.962,226.502,784.132,2,9,2,2,2,9,2,9,34,2,318,34.06,50.134,148.273,61.826,18.381,6.421,26.262,2,38.75,167.313,46.565,59.658,11.499,12.714,9.474,11.499,85.824,24.478,160.817,48.531,114.76,21.826,25.993,20.451,1.853,0.604,15.445,21.281,9.916,2.048,0.053,2,2,2,4,1.827,1.946,-2.04,1.998,-2.117,4.518,0.525,14.547,2.862,45.793,6.406,5.56,5.56,3.808,3.21,3.21,2.272,2.272,1.303,1.303,0.584,0.584,5.918,19.51,6.421,6.924,11.467,116.131,2.375,-0.08,8,100.08,56.626,7.92,5.065,4.089,51.244,5.372,0.33,5.372,-0.005,0.651,0.005,0.651,-0.33,0.32,36.507,116.208,2,1,2,2,4,1,50,11.467,6.924,0,0,5.014,0,17.385,13.09,13.875,13.09,0,5.918,52.04,0,10.663,0.651,3.736,0.555,0,2.333333333,5.90014009
10,1.406,1.672,-1.807,1.579,-2.064,4.332,0.844,14.572,2.191,12.365,4.121,3.276,3.276,2.414,1.816,1.816,0.931,0.931,0.408,0.408,0.118,0.118,0,19.51,0,0,11.467,74.084,1.4,-0.08,5,64.047,11.245,4.92,3.92,3.92,32.149,5.059,0.33,5.059,-0.007,0.719,0.007,0.719,-0.33,-0.706,22.726,74.127,2,0,2,2,2,0,32,11.467,0,0,0,3.857,0,11.467,13.09,8.4,13.09,0,0,52.04,0,10.118,0,1.438,0.455,0,2.997,2.232,-2.264,2.33,-2.33,5.693,-0.148,9.78,1.77,1090.332,31.83,25.607,25.607,20.437,14.556,14.556,11.068,11.068,6.795,6.795,4.101,4.101,24.281,24.909,57.384,30.885,11.127,11.948,55.455,13.847,24.054,605.32,0.744,1.186,1.605,0.562,-3.22,43,558.349,1395852288,35.974,18.445,13.31,253.501,11.926,0.491,11.926,0.01,-0.994,-0.491,2.054,160.048,605.725,4,11,0,0,2,2,3,11,4,11,0,20,0,0,3,240,44.273,50.134,9.589,45.037,48.861,24.925,15.431,2,48.963,4.9,63.761,53.172,59.658,11.499,9.474,11.499,108.748,24.478,51.161,48.531,155.22,21.415,25.075,38.473,1.765,0.352,15.122,-1.661,5.987,1.722,0.164,4,4,1,1,2,4,0,0,3.196,2.233,-2.264,2.332,-2.273,5.693,-0.148,9.78,1.529,1282.095,40.859,35.742,35.742,27.043,21.873,21.873,16.076,16.076,10.455,10.455,6.634,6.634,12.208,19.802,43.781,37.306,62.502,25.671,18.947,783.565,0.911,1.304,0.702,-3.14,56,706.516,8.63114E+11,49.007,30.009,22.562,339.387,12.306,0.491,12.306,0.02,-0.921,-0.491,9.962,226.502,784.132,2,9,2,2,2,9,2,9,34,2,318,34.06,50.134,148.273,61.826,18.381,6.421,26.262,2,38.75,167.313,46.565,59.658,11.499,12.714,9.474,11.499,85.824,24.478,160.817,48.531,114.76,21.826,25.993,20.451,1.853,0.604,15.445,21.281,9.916,2.048,0.053,2,2,2,4,1.406,1.672,-1.807,1.579,-2.064,4.332,0.844,14.572,2.191,12.365,4.121,3.276,3.276,2.414,1.816,1.816,0.931,0.931,0.408,0.408,0.118,0.118,0,19.51,0,0,11.467,74.084,1.4,-0.08,5,64.047,11.245,4.92,3.92,3.92,32.149,5.059,0.33,5.059,-0.007,0.719,0.007,0.719,-0.33,-0.706,22.726,74.127,2,0,2,2,2,0,32,11.467,0,0,0,3.857,0,11.467,13.09,8.4,13.09,0,0,52.04,0,10.118,0,1.438,0.455,0,2.333333333,5.984460975
11,1.406,1.672,-1.807,1.579,-2.064,4.332,0.844,14.572,2.191,12.365,4.121,3.276,3.276,2.414,1.816,1.816,0.931,0.931,0.408,0.408,0.118,0.118,0,19.51,0,0,11.467,74.084,1.4,-0.08,5,64.047,11.245,4.92,3.92,3.92,32.149,5.059,0.33,5.059,-0.007,0.719,0.007,0.719,-0.33,-0.706,22.726,74.127,2,0,2,2,2,0,32,11.467,0,0,0,3.857,0,11.467,13.09,8.4,13.09,0,0,52.04,0,10.118,0,1.438,0.455,0,2.997,2.232,-2.264,2.33,-2.33,5.693,-0.148,9.78,1.77,1090.332,31.83,25.607,25.607,20.437,14.556,14.556,11.068,11.068,6.795,6.795,4.101,4.101,24.281,24.909,57.384,30.885,11.127,11.948,55.455,13.847,24.054,605.32,0.744,1.186,1.605,0.562,-3.22,43,558.349,1395852288,35.974,18.445,13.31,253.501,11.926,0.491,11.926,0.01,-0.994,-0.491,2.054,160.048,605.725,4,11,0,0,2,2,3,11,4,11,0,20,0,0,3,240,44.273,50.134,9.589,45.037,48.861,24.925,15.431,2,48.963,4.9,63.761,53.172,59.658,11.499,9.474,11.499,108.748,24.478,51.161,48.531,155.22,21.415,25.075,38.473,1.765,0.352,15.122,-1.661,5.987,1.722,0.164,4,4,1,1,2,4,0,0,3.196,2.233,-2.264,2.332,-2.273,5.693,-0.148,9.78,1.529,1282.095,40.859,35.742,35.742,27.043,21.873,21.873,16.076,16.076,10.455,10.455,6.634,6.634,12.208,19.802,43.781,37.306,62.502,25.671,18.947,783.565,0.911,1.304,0.702,-3.14,56,706.516,8.63114E+11,49.007,30.009,22.562,339.387,12.306,0.491,12.306,0.02,-0.921,-0.491,9.962,226.502,784.132,2,9,2,2,2,9,2,9,34,2,318,34.06,50.134,148.273,61.826,18.381,6.421,26.262,2,38.75,167.313,46.565,59.658,11.499,12.714,9.474,11.499,85.824,24.478,160.817,48.531,114.76,21.826,25.993,20.451,1.853,0.604,15.445,21.281,9.916,2.048,0.053,2,2,2,4,1.406,1.672,-1.807,1.579,-2.064,4.332,0.844,14.572,2.191,12.365,4.121,3.276,3.276,2.414,1.816,1.816,0.931,0.931,0.408,0.408,0.118,0.118,0,19.51,0,0,11.467,74.084,1.4,-0.08,5,64.047,11.245,4.92,3.92,3.92,32.149,5.059,0.33,5.059,-0.007,0.719,0.007,0.719,-0.33,-0.706,22.726,74.127,2,0,2,2,2,0,32,11.467,0,0,0,3.857,0,11.467,13.09,8.4,13.09,0,0,52.04,0,10.118,0,1.438,0.455,0,9,5.731735659
12,1.677,2.102,-2.176,2.07,-2.311,4.68,0.393,14.648,3.36,44.042,5.914,5.069,5.069,3.121,2.524,2.524,2.572,2.572,1.105,1.105,0.083,0.083,13.09,0,0,0,11.467,102.116,1.429,-0.08,7,88.069,26.839,6.92,2.285,2.596,44.879,5.337,0.33,5.337,-0.001,0.139,0.001,0.139,-0.33,-0.07,31.89,102.181,2,0,2,2,2,0,44,11.467,13.847,0,0,2.258,0,16.882,13.09,12,13.09,0,5.415,52.04,0,10.812,0,5.438,0.513,0,2.997,2.232,-2.264,2.33,-2.33,5.693,-0.148,9.78,1.77,1090.332,31.83,25.607,25.607,20.437,14.556,14.556,11.068,11.068,6.795,6.795,4.101,4.101,24.281,24.909,57.384,30.885,11.127,11.948,55.455,13.847,24.054,605.32,0.744,1.186,1.605,0.562,-3.22,43,558.349,1395852288,35.974,18.445,13.31,253.501,11.926,0.491,11.926,0.01,-0.994,-0.491,2.054,160.048,605.725,4,11,0,0,2,2,3,11,4,11,0,20,0,0,3,240,44.273,50.134,9.589,45.037,48.861,24.925,15.431,2,48.963,4.9,63.761,53.172,59.658,11.499,9.474,11.499,108.748,24.478,51.161,48.531,155.22,21.415,25.075,38.473,1.765,0.352,15.122,-1.661,5.987,1.722,0.164,4,4,1,1,2,4,0,0,3.052,2.232,-2.264,2.331,-2.273,5.693,-0.148,9.78,1.702,1119.197,33.788,28.671,28.671,22.043,16.873,16.873,12.54,12.54,7.955,7.955,4.866,4.866,12.208,19.802,43.781,37.306,62.502,25.671,18.947,643.408,1.109,1.587,0.622,-3.14,46,586.406,6700778887,39.04,21.616,15.432,275.738,12.131,0.491,12.131,0.019,-0.918,-0.491,6.061,180.332,643.862,2,9,2,2,2,9,2,9,24,2,258,34.06,50.134,84.065,61.826,18.381,6.421,18.346,2,38.75,103.105,46.565,59.658,11.499,12.87,9.474,11.499,85.824,24.478,96.609,48.531,114.76,21.683,25.749,20.31,1.85,0.588,15.384,7.005,9.827,2.021,0.104,2,2,2,4,1.677,2.102,-2.176,2.07,-2.311,4.68,0.393,14.648,3.36,44.042,5.914,5.069,5.069,3.121,2.524,2.524,2.572,2.572,1.105,1.105,0.083,0.083,13.09,0,0,0,11.467,102.116,1.429,-0.08,7,88.069,26.839,6.92,2.285,2.596,44.879,5.337,0.33,5.337,-0.001,0.139,0.001,0.139,-0.33,-0.07,31.89,102.181,2,0,2,2,2,0,44,11.467,13.847,0,0,2.258,0,16.882,13.09,12,13.09,0,5.415,52.04,0,10.812,0,5.438,0.513,0,2.333333333,5.691864147
13,1.677,2.102,-2.176,2.07,-2.311,4.68,0.393,14.648,3.36,44.042,5.914,5.069,5.069,3.121,2.524,2.524,2.572,2.572,1.105,1.105,0.083,0.083,13.09,0,0,0,11.467,102.116,1.429,-0.08,7,88.069,26.839,6.92,2.285,2.596,44.879,5.337,0.33,5.337,-0.001,0.139,0.001,0.139,-0.33,-0.07,31.89,102.181,2,0,2,2,2,0,44,11.467,13.847,0,0,2.258,0,16.882,13.09,12,13.09,0,5.415,52.04,0,10.812,0,5.438,0.513,0,2.997,2.232,-2.264,2.33,-2.33,5.693,-0.148,9.78,1.77,1090.332,31.83,25.607,25.607,20.437,14.556,14.556,11.068,11.068,6.795,6.795,4.101,4.101,24.281,24.909,57.384,30.885,11.127,11.948,55.455,13.847,24.054,605.32,0.744,1.186,1.605,0.562,-3.22,43,558.349,1395852288,35.974,18.445,13.31,253.501,11.926,0.491,11.926,0.01,-0.994,-0.491,2.054,160.048,605.725,4,11,0,0,2,2,3,11,4,11,0,20,0,0,3,240,44.273,50.134,9.589,45.037,48.861,24.925,15.431,2,48.963,4.9,63.761,53.172,59.658,11.499,9.474,11.499,108.748,24.478,51.161,48.531,155.22,21.415,25.075,38.473,1.765,0.352,15.122,-1.661,5.987,1.722,0.164,4,4,1,1,2,4,0,0,3.113,2.232,-2.264,2.331,-2.273,5.693,-0.148,9.78,1.628,1184.063,36.616,31.5,31.5,24.043,18.873,18.873,13.955,13.955,8.955,8.955,5.573,5.573,12.208,19.802,43.781,37.306,62.502,25.671,18.947,699.471,1.02,1.46,0.659,-3.14,50,634.45,46846677904,43.025,24.917,18.2,301.197,12.225,0.491,12.225,0.02,-0.919,-0.491,7.621,198.8,699.97,2,9,2,2,2,9,2,9,28,2,282,34.06,50.134,109.748,61.826,18.381,6.421,21.441,2,38.75,128.789,46.565,59.658,11.499,12.8,9.474,11.499,85.824,24.478,122.293,48.531,114.76,21.757,25.879,20.381,1.851,0.597,15.415,12.622,9.878,2.037,0.068,2,2,2,4,1.677,2.102,-2.176,2.07,-2.311,4.68,0.393,14.648,3.36,44.042,5.914,5.069,5.069,3.121,2.524,2.524,2.572,2.572,1.105,1.105,0.083,0.083,13.09,0,0,0,11.467,102.116,1.429,-0.08,7,88.069,26.839,6.92,2.285,2.596,44.879,5.337,0.33,5.337,-0.001,0.139,0.001,0.139,-0.33,-0.07,31.89,102.181,2,0,2,2,2,0,44,11.467,13.847,0,0,2.258,0,16.882,13.09,12,13.09,0,5.415,52.04,0,10.812,0,5.438,0.513,0,1,5.61931348
14,1.827,1.946,-2.04,1.998,-2.117,4.518,0.525,14.547,2.862,45.793,6.406,5.56,5.56,3.808,3.21,3.21,2.272,2.272,1.303,1.303,0.584,0.584,5.918,19.51,6.421,6.924,11.467,116.131,2.375,-0.08,8,100.08,56.626,7.92,5.065,4.089,51.244,5.372,0.33,5.372,-0.005,0.651,0.005,0.651,-0.33,0.32,36.507,116.208,2,1,2,2,4,1,50,11.467,6.924,0,0,5.014,0,17.385,13.09,13.875,13.09,0,5.918,52.04,0,10.663,0.651,3.736,0.555,0,2.997,2.232,-2.264,2.33,-2.33,5.693,-0.148,9.78,1.77,1090.332,31.83,25.607,25.607,20.437,14.556,14.556,11.068,11.068,6.795,6.795,4.101,4.101,24.281,24.909,57.384,30.885,11.127,11.948,55.455,13.847,24.054,605.32,0.744,1.186,1.605,0.562,-3.22,43,558.349,1395852288,35.974,18.445,13.31,253.501,11.926,0.491,11.926,0.01,-0.994,-0.491,2.054,160.048,605.725,4,11,0,0,2,2,3,11,4,11,0,20,0,0,3,240,44.273,50.134,9.589,45.037,48.861,24.925,15.431,2,48.963,4.9,63.761,53.172,59.658,11.499,9.474,11.499,108.748,24.478,51.161,48.531,155.22,21.415,25.075,38.473,1.765,0.352,15.122,-1.661,5.987,1.722,0.164,4,4,1,1,2,4,0,0,3.113,2.232,-2.264,2.331,-2.273,5.693,-0.148,9.78,1.628,1184.063,36.616,31.5,31.5,24.043,18.873,18.873,13.955,13.955,8.955,8.955,5.573,5.573,12.208,19.802,43.781,37.306,62.502,25.671,18.947,699.471,1.02,1.46,0.659,-3.14,50,634.45,46846677904,43.025,24.917,18.2,301.197,12.225,0.491,12.225,0.02,-0.919,-0.491,7.621,198.8,699.97,2,9,2,2,2,9,2,9,28,2,282,34.06,50.134,109.748,61.826,18.381,6.421,21.441,2,38.75,128.789,46.565,59.658,11.499,12.8,9.474,11.499,85.824,24.478,122.293,48.531,114.76,21.757,25.879,20.381,1.851,0.597,15.415,12.622,9.878,2.037,0.068,2,2,2,4,1.827,1.946,-2.04,1.998,-2.117,4.518,0.525,14.547,2.862,45.793,6.406,5.56,5.56,3.808,3.21,3.21,2.272,2.272,1.303,1.303,0.584,0.584,5.918,19.51,6.421,6.924,11.467,116.131,2.375,-0.08,8,100.08,56.626,7.92,5.065,4.089,51.244,5.372,0.33,5.372,-0.005,0.651,0.005,0.651,-0.33,0.32,36.507,116.208,2,1,2,2,4,1,50,11.467,6.924,0,0,5.014,0,17.385,13.09,13.875,13.09,0,5.918,52.04,0,10.663,0.651,3.736,0.555,0,2.333333333,5.953584409
15,1.827,1.946,-2.04,1.998,-2.117,4.518,0.525,14.547,2.862,45.793,6.406,5.56,5.56,3.808,3.21,3.21,2.272,2.272,1.303,1.303,0.584,0.584,5.918,19.51,6.421,6.924,11.467,116.131,2.375,-0.08,8,100.08,56.626,7.92,5.065,4.089,51.244,5.372,0.33,5.372,-0.005,0.651,0.005,0.651,-0.33,0.32,36.507,116.208,2,1,2,2,4,1,50,11.467,6.924,0,0,5.014,0,17.385,13.09,13.875,13.09,0,5.918,52.04,0,10.663,0.651,3.736,0.555,0,2.997,2.232,-2.264,2.33,-2.33,5.693,-0.148,9.78,1.77,1090.332,31.83,25.607,25.607,20.437,14.556,14.556,11.068,11.068,6.795,6.795,4.101,4.101,24.281,24.909,57.384,30.885,11.127,11.948,55.455,13.847,24.054,605.32,0.744,1.186,1.605,0.562,-3.22,43,558.349,1395852288,35.974,18.445,13.31,253.501,11.926,0.491,11.926,0.01,-0.994,-0.491,2.054,160.048,605.725,4,11,0,0,2,2,3,11,4,11,0,20,0,0,3,240,44.273,50.134,9.589,45.037,48.861,24.925,15.431,2,48.963,4.9,63.761,53.172,59.658,11.499,9.474,11.499,108.748,24.478,51.161,48.531,155.22,21.415,25.075,38.473,1.765,0.352,15.122,-1.661,5.987,1.722,0.164,4,4,1,1,2,4,0,0,3.113,2.232,-2.264,2.331,-2.273,5.693,-0.148,9.78,1.628,1184.063,36.616,31.5,31.5,24.043,18.873,18.873,13.955,13.955,8.955,8.955,5.573,5.573,12.208,19.802,43.781,37.306,62.502,25.671,18.947,699.471,1.02,1.46,0.659,-3.14,50,634.45,46846677904,43.025,24.917,18.2,301.197,12.225,0.491,12.225,0.02,-0.919,-0.491,7.621,198.8,699.97,2,9,2,2,2,9,2,9,28,2,282,34.06,50.134,109.748,61.826,18.381,6.421,21.441,2,38.75,128.789,46.565,59.658,11.499,12.8,9.474,11.499,85.824,24.478,122.293,48.531,114.76,21.757,25.879,20.381,1.851,0.597,15.415,12.622,9.878,2.037,0.068,2,2,2,4,1.827,1.946,-2.04,1.998,-2.117,4.518,0.525,14.547,2.862,45.793,6.406,5.56,5.56,3.808,3.21,3.21,2.272,2.272,1.303,1.303,0.584,0.584,5.918,19.51,6.421,6.924,11.467,116.131,2.375,-0.08,8,100.08,56.626,7.92,5.065,4.089,51.244,5.372,0.33,5.372,-0.005,0.651,0.005,0.651,-0.33,0.32,36.507,116.208,2,1,2,2,4,1,50,11.467,6.924,0,0,5.014,0,17.385,13.09,13.875,13.09,0,5.918,52.04,0,10.663,0.651,3.736,0.555,0,1,5.373800812
16,1.68,1.924,-2.026,1.878,-2.216,4.561,0.604,14.641,2.832,37.061,5.699,4.853,4.853,3.308,2.765,2.765,1.746,1.746,1.062,1.062,0.418,0.418,6.042,19.386,0,6.924,11.467,102.116,2.286,-0.08,7,88.069,31.917,6.92,4.089,3.758,44.879,5.503,0.33,5.503,0.005,0.324,0.005,0.324,-0.33,0.072,31.938,102.181,2,1,2,2,3,1,44,11.467,6.924,6.042,0,4.042,0,11.467,6.545,14.143,12.587,0,0,52.04,0,10.728,0,2.787,0.53,0,2.997,2.232,-2.264,2.33,-2.33,5.693,-0.148,9.78,1.77,1090.332,31.83,25.607,25.607,20.437,14.556,14.556,11.068,11.068,6.795,6.795,4.101,4.101,24.281,24.909,57.384,30.885,11.127,11.948,55.455,13.847,24.054,605.32,0.744,1.186,1.605,0.562,-3.22,43,558.349,1395852288,35.974,18.445,13.31,253.501,11.926,0.491,11.926,0.01,-0.994,-0.491,2.054,160.048,605.725,4,11,0,0,2,2,3,11,4,11,0,20,0,0,3,240,44.273,50.134,9.589,45.037,48.861,24.925,15.431,2,48.963,4.9,63.761,53.172,59.658,11.499,9.474,11.499,108.748,24.478,51.161,48.531,155.22,21.415,25.075,38.473,1.765,0.352,15.122,-1.661,5.987,1.722,0.164,4,4,1,1,2,4,0,0,3.113,2.232,-2.264,2.331,-2.273,5.693,-0.148,9.78,1.628,1184.063,36.616,31.5,31.5,24.043,18.873,18.873,13.955,13.955,8.955,8.955,5.573,5.573,12.208,19.802,43.781,37.306,62.502,25.671,18.947,699.471,1.02,1.46,0.659,-3.14,50,634.45,46846677904,43.025,24.917,18.2,301.197,12.225,0.491,12.225,0.02,-0.919,-0.491,7.621,198.8,699.97,2,9,2,2,2,9,2,9,28,2,282,34.06,50.134,109.748,61.826,18.381,6.421,21.441,2,38.75,128.789,46.565,59.658,11.499,12.8,9.474,11.499,85.824,24.478,122.293,48.531,114.76,21.757,25.879,20.381,1.851,0.597,15.415,12.622,9.878,2.037,0.068,2,2,2,4,1.68,1.924,-2.026,1.878,-2.216,4.561,0.604,14.641,2.832,37.061,5.699,4.853,4.853,3.308,2.765,2.765,1.746,1.746,1.062,1.062,0.418,0.418,6.042,19.386,0,6.924,11.467,102.116,2.286,-0.08,7,88.069,31.917,6.92,4.089,3.758,44.879,5.503,0.33,5.503,0.005,0.324,0.005,0.324,-0.33,0.072,31.938,102.181,2,1,2,2,3,1,44,11.467,6.924,6.042,0,4.042,0,11.467,6.545,14.143,12.587,0,0,52.04,0,10.728,0,2.787,0.53,0,2.333333333,5.716223493
17,1.827,1.946,-2.04,1.998,-2.117,4.518,0.525,14.547,2.862,45.793,6.406,5.56,5.56,3.808,3.21,3.21,2.272,2.272,1.303,1.303,0.584,0.584,5.918,19.51,6.421,6.924,11.467,116.131,2.375,-0.08,8,100.08,56.626,7.92,5.065,4.089,51.244,5.372,0.33,5.372,-0.005,0.651,0.005,0.651,-0.33,0.32,36.507,116.208,2,1,2,2,4,1,50,11.467,6.924,0,0,5.014,0,17.385,13.09,13.875,13.09,0,5.918,52.04,0,10.663,0.651,3.736,0.555,0,2.997,2.232,-2.264,2.33,-2.33,5.693,-0.148,9.78,1.77,1090.332,31.83,25.607,25.607,20.437,14.556,14.556,11.068,11.068,6.795,6.795,4.101,4.101,24.281,24.909,57.384,30.885,11.127,11.948,55.455,13.847,24.054,605.32,0.744,1.186,1.605,0.562,-3.22,43,558.349,1395852288,35.974,18.445,13.31,253.501,11.926,0.491,11.926,0.01,-0.994,-0.491,2.054,160.048,605.725,4,11,0,0,2,2,3,11,4,11,0,20,0,0,3,240,44.273,50.134,9.589,45.037,48.861,24.925,15.431,2,48.963,4.9,63.761,53.172,59.658,11.499,9.474,11.499,108.748,24.478,51.161,48.531,155.22,21.415,25.075,38.473,1.765,0.352,15.122,-1.661,5.987,1.722,0.164,4,4,1,1,2,4,0,0,3.052,2.232,-2.264,2.331,-2.273,5.693,-0.148,9.78,1.702,1119.197,33.788,28.671,28.671,22.043,16.873,16.873,12.54,12.54,7.955,7.955,4.866,4.866,12.208,19.802,43.781,37.306,62.502,25.671,18.947,643.408,1.109,1.587,0.622,-3.14,46,586.406,6700778887,39.04,21.616,15.432,275.738,12.131,0.491,12.131,0.019,-0.918,-0.491,6.061,180.332,643.862,2,9,2,2,2,9,2,9,24,2,258,34.06,50.134,84.065,61.826,18.381,6.421,18.346,2,38.75,103.105,46.565,59.658,11.499,12.87,9.474,11.499,85.824,24.478,96.609,48.531,114.76,21.683,25.749,20.31,1.85,0.588,15.384,7.005,9.827,2.021,0.104,2,2,2,4,1.827,1.946,-2.04,1.998,-2.117,4.518,0.525,14.547,2.862,45.793,6.406,5.56,5.56,3.808,3.21,3.21,2.272,2.272,1.303,1.303,0.584,0.584,5.918,19.51,6.421,6.924,11.467,116.131,2.375,-0.08,8,100.08,56.626,7.92,5.065,4.089,51.244,5.372,0.33,5.372,-0.005,0.651,0.005,0.651,-0.33,0.32,36.507,116.208,2,1,2,2,4,1,50,11.467,6.924,0,0,5.014,0,17.385,13.09,13.875,13.09,0,5.918,52.04,0,10.663,0.651,3.736,0.555,0,9,5.990801153
18,2.156,1.89,-2.046,1.792,-2.147,4.349,0.017,16.541,2.758,83.458,9.778,8.036,8.036,6.414,4.549,4.549,2.414,2.414,1.268,1.268,0.709,0.709,52.731,0,0,0,25.678,192.147,1.154,-0.2,13,172.099,812.703,12.8,11.8,11.8,79.314,5.227,0.378,5.227,0.07,0.555,0.07,0.555,-0.378,-1.046,50.566,192.259,5,0,5,5,10,0,80,25.678,0,13.09,39.641,11.618,14.211,11.467,52.731,10.615,52.731,14.211,0,79.73,15.395,10.453,0,4.652,0.432,3,2.997,2.232,-2.264,2.33,-2.33,5.693,-0.148,9.78,1.77,1090.332,31.83,25.607,25.607,20.437,14.556,14.556,11.068,11.068,6.795,6.795,4.101,4.101,24.281,24.909,57.384,30.885,11.127,11.948,55.455,13.847,24.054,605.32,0.744,1.186,1.605,0.562,-3.22,43,558.349,1395852288,35.974,18.445,13.31,253.501,11.926,0.491,11.926,0.01,-0.994,-0.491,2.054,160.048,605.725,4,11,0,0,2,2,3,11,4,11,0,20,0,0,3,240,44.273,50.134,9.589,45.037,48.861,24.925,15.431,2,48.963,4.9,63.761,53.172,59.658,11.499,9.474,11.499,108.748,24.478,51.161,48.531,155.22,21.415,25.075,38.473,1.765,0.352,15.122,-1.661,5.987,1.722,0.164,4,4,1,1,2,4,0,0,3.113,2.232,-2.264,2.331,-2.273,5.693,-0.148,9.78,1.628,1184.063,36.616,31.5,31.5,24.043,18.873,18.873,13.955,13.955,8.955,8.955,5.573,5.573,12.208,19.802,43.781,37.306,62.502,25.671,18.947,699.471,1.02,1.46,0.659,-3.14,50,634.45,46846677904,43.025,24.917,18.2,301.197,12.225,0.491,12.225,0.02,-0.919,-0.491,7.621,198.8,699.97,2,9,2,2,2,9,2,9,28,2,282,34.06,50.134,109.748,61.826,18.381,6.421,21.441,2,38.75,128.789,46.565,59.658,11.499,12.8,9.474,11.499,85.824,24.478,122.293,48.531,114.76,21.757,25.879,20.381,1.851,0.597,15.415,12.622,9.878,2.037,0.068,2,2,2,4,2.156,1.89,-2.046,1.792,-2.147,4.349,0.017,16.541,2.758,83.458,9.778,8.036,8.036,6.414,4.549,4.549,2.414,2.414,1.268,1.268,0.709,0.709,52.731,0,0,0,25.678,192.147,1.154,-0.2,13,172.099,812.703,12.8,11.8,11.8,79.314,5.227,0.378,5.227,0.07,0.555,0.07,0.555,-0.378,-1.046,50.566,192.259,5,0,5,5,10,0,80,25.678,0,13.09,39.641,11.618,14.211,11.467,52.731,10.615,52.731,14.211,0,79.73,15.395,10.453,0,4.652,0.432,3,9,5.902717513
19,1.827,1.946,-2.04,1.998,-2.117,4.518,0.525,14.547,2.862,45.793,6.406,5.56,5.56,3.808,3.21,3.21,2.272,2.272,1.303,1.303,0.584,0.584,5.918,19.51,6.421,6.924,11.467,116.131,2.375,-0.08,8,100.08,56.626,7.92,5.065,4.089,51.244,5.372,0.33,5.372,-0.005,0.651,0.005,0.651,-0.33,0.32,36.507,116.208,2,1,2,2,4,1,50,11.467,6.924,0,0,5.014,0,17.385,13.09,13.875,13.09,0,5.918,52.04,0,10.663,0.651,3.736,0.555,0,2.997,2.232,-2.264,2.33,-2.33,5.693,-0.148,9.78,1.77,1090.332,31.83,25.607,25.607,20.437,14.556,14.556,11.068,11.068,6.795,6.795,4.101,4.101,24.281,24.909,57.384,30.885,11.127,11.948,55.455,13.847,24.054,605.32,0.744,1.186,1.605,0.562,-3.22,43,558.349,1395852288,35.974,18.445,13.31,253.501,11.926,0.491,11.926,0.01,-0.994,-0.491,2.054,160.048,605.725,4,11,0,0,2,2,3,11,4,11,0,20,0,0,3,240,44.273,50.134,9.589,45.037,48.861,24.925,15.431,2,48.963,4.9,63.761,53.172,59.658,11.499,9.474,11.499,108.748,24.478,51.161,48.531,155.22,21.415,25.075,38.473,1.765,0.352,15.122,-1.661,5.987,1.722,0.164,4,4,1,1,2,4,0,0,3.052,2.232,-2.264,2.331,-2.273,5.693,-0.148,9.78,1.702,1119.197,33.788,28.671,28.671,22.043,16.873,16.873,12.54,12.54,7.955,7.955,4.866,4.866,12.208,19.802,43.781,37.306,62.502,25.671,18.947,643.408,1.109,1.587,0.622,-3.14,46,586.406,6700778887,39.04,21.616,15.432,275.738,12.131,0.491,12.131,0.019,-0.918,-0.491,6.061,180.332,643.862,2,9,2,2,2,9,2,9,24,2,258,34.06,50.134,84.065,61.826,18.381,6.421,18.346,2,38.75,103.105,46.565,59.658,11.499,12.87,9.474,11.499,85.824,24.478,96.609,48.531,114.76,21.683,25.749,20.31,1.85,0.588,15.384,7.005,9.827,2.021,0.104,2,2,2,4,1.827,1.946,-2.04,1.998,-2.117,4.518,0.525,14.547,2.862,45.793,6.406,5.56,5.56,3.808,3.21,3.21,2.272,2.272,1.303,1.303,0.584,0.584,5.918,19.51,6.421,6.924,11.467,116.131,2.375,-0.08,8,100.08,56.626,7.92,5.065,4.089,51.244,5.372,0.33,5.372,-0.005,0.651,0.005,0.651,-0.33,0.32,36.507,116.208,2,1,2,2,4,1,50,11.467,6.924,0,0,5.014,0,17.385,13.09,13.875,13.09,0,5.918,52.04,0,10.663,0.651,3.736,0.555,0,9,5.839183664
20,1.827,1.946,-2.04,1.998,-2.117,4.518,0.525,14.547,2.862,45.793,6.406,5.56,5.56,3.808,3.21,3.21,2.272,2.272,1.303,1.303,0.584,0.584,5.918,19.51,6.421,6.924,11.467,116.131,2.375,-0.08,8,100.08,56.626,7.92,5.065,4.089,51.244,5.372,0.33,5.372,-0.005,0.651,0.005,0.651,-0.33,0.32,36.507,116.208,2,1,2,2,4,1,50,11.467,6.924,0,0,5.014,0,17.385,13.09,13.875,13.09,0,5.918,52.04,0,10.663,0.651,3.736,0.555,0,2.997,2.232,-2.264,2.33,-2.33,5.693,-0.148,9.78,1.77,1090.332,31.83,25.607,25.607,20.437,14.556,14.556,11.068,11.068,6.795,6.795,4.101,4.101,24.281,24.909,57.384,30.885,11.127,11.948,55.455,13.847,24.054,605.32,0.744,1.186,1.605,0.562,-3.22,43,558.349,1395852288,35.974,18.445,13.31,253.501,11.926,0.491,11.926,0.01,-0.994,-0.491,2.054,160.048,605.725,4,11,0,0,2,2,3,11,4,11,0,20,0,0,3,240,44.273,50.134,9.589,45.037,48.861,24.925,15.431,2,48.963,4.9,63.761,53.172,59.658,11.499,9.474,11.499,108.748,24.478,51.161,48.531,155.22,21.415,25.075,38.473,1.765,0.352,15.122,-1.661,5.987,1.722,0.164,4,4,1,1,2,4,0,0,3.196,2.233,-2.264,2.332,-2.273,5.693,-0.148,9.78,1.529,1282.095,40.859,35.742,35.742,27.043,21.873,21.873,16.076,16.076,10.455,10.455,6.634,6.634,12.208,19.802,43.781,37.306,62.502,25.671,18.947,783.565,0.911,1.304,0.702,-3.14,56,706.516,8.63114E+11,49.007,30.009,22.562,339.387,12.306,0.491,12.306,0.02,-0.921,-0.491,9.962,226.502,784.132,2,9,2,2,2,9,2,9,34,2,318,34.06,50.134,148.273,61.826,18.381,6.421,26.262,2,38.75,167.313,46.565,59.658,11.499,12.714,9.474,11.499,85.824,24.478,160.817,48.531,114.76,21.826,25.993,20.451,1.853,0.604,15.445,21.281,9.916,2.048,0.053,2,2,2,4,1.827,1.946,-2.04,1.998,-2.117,4.518,0.525,14.547,2.862,45.793,6.406,5.56,5.56,3.808,3.21,3.21,2.272,2.272,1.303,1.303,0.584,0.584,5.918,19.51,6.421,6.924,11.467,116.131,2.375,-0.08,8,100.08,56.626,7.92,5.065,4.089,51.244,5.372,0.33,5.372,-0.005,0.651,0.005,0.651,-0.33,0.32,36.507,116.208,2,1,2,2,4,1,50,11.467,6.924,0,0,5.014,0,17.385,13.09,13.875,13.09,0,5.918,52.04,0,10.663,0.651,3.736,0.555,0,1,6.007269268
21,2.156,1.89,-2.046,1.792,-2.147,4.349,0.017,16.541,2.758,83.458,9.778,8.036,8.036,6.414,4.549,4.549,2.414,2.414,1.268,1.268,0.709,0.709,52.731,0,0,0,25.678,192.147,1.154,-0.2,13,172.099,812.703,12.8,11.8,11.8,79.314,5.227,0.378,5.227,0.07,0.555,0.07,0.555,-0.378,-1.046,50.566,192.259,5,0,5,5,10,0,80,25.678,0,13.09,39.641,11.618,14.211,11.467,52.731,10.615,52.731,14.211,0,79.73,15.395,10.453,0,4.652,0.432,3,2.997,2.232,-2.264,2.33,-2.33,5.693,-0.148,9.78,1.77,1090.332,31.83,25.607,25.607,20.437,14.556,14.556,11.068,11.068,6.795,6.795,4.101,4.101,24.281,24.909,57.384,30.885,11.127,11.948,55.455,13.847,24.054,605.32,0.744,1.186,1.605,0.562,-3.22,43,558.349,1395852288,35.974,18.445,13.31,253.501,11.926,0.491,11.926,0.01,-0.994,-0.491,2.054,160.048,605.725,4,11,0,0,2,2,3,11,4,11,0,20,0,0,3,240,44.273,50.134,9.589,45.037,48.861,24.925,15.431,2,48.963,4.9,63.761,53.172,59.658,11.499,9.474,11.499,108.748,24.478,51.161,48.531,155.22,21.415,25.075,38.473,1.765,0.352,15.122,-1.661,5.987,1.722,0.164,4,4,1,1,2,4,0,0,3.052,2.232,-2.264,2.331,-2.273,5.693,-0.148,9.78,1.702,1119.197,33.788,28.671,28.671,22.043,16.873,16.873,12.54,12.54,7.955,7.955,4.866,4.866,12.208,19.802,43.781,37.306,62.502,25.671,18.947,643.408,1.109,1.587,0.622,-3.14,46,586.406,6700778887,39.04,21.616,15.432,275.738,12.131,0.491,12.131,0.019,-0.918,-0.491,6.061,180.332,643.862,2,9,2,2,2,9,2,9,24,2,258,34.06,50.134,84.065,61.826,18.381,6.421,18.346,2,38.75,103.105,46.565,59.658,11.499,12.87,9.474,11.499,85.824,24.478,96.609,48.531,114.76,21.683,25.749,20.31,1.85,0.588,15.384,7.005,9.827,2.021,0.104,2,2,2,4,2.156,1.89,-2.046,1.792,-2.147,4.349,0.017,16.541,2.758,83.458,9.778,8.036,8.036,6.414,4.549,4.549,2.414,2.414,1.268,1.268,0.709,0.709,52.731,0,0,0,25.678,192.147,1.154,-0.2,13,172.099,812.703,12.8,11.8,11.8,79.314,5.227,0.378,5.227,0.07,0.555,0.07,0.555,-0.378,-1.046,50.566,192.259,5,0,5,5,10,0,80,25.678,0,13.09,39.641,11.618,14.211,11.467,52.731,10.615,52.731,14.211,0,79.73,15.395,10.453,0,4.652,0.432,3,1,5.61931348
22,1.68,1.924,-2.026,1.878,-2.216,4.561,0.604,14.641,2.832,37.061,5.699,4.853,4.853,3.308,2.765,2.765,1.746,1.746,1.062,1.062,0.418,0.418,6.042,19.386,0,6.924,11.467,102.116,2.286,-0.08,7,88.069,31.917,6.92,4.089,3.758,44.879,5.503,0.33,5.503,0.005,0.324,0.005,0.324,-0.33,0.072,31.938,102.181,2,1,2,2,3,1,44,11.467,6.924,6.042,0,4.042,0,11.467,6.545,14.143,12.587,0,0,52.04,0,10.728,0,2.787,0.53,0,2.997,2.232,-2.264,2.33,-2.33,5.693,-0.148,9.78,1.77,1090.332,31.83,25.607,25.607,20.437,14.556,14.556,11.068,11.068,6.795,6.795,4.101,4.101,24.281,24.909,57.384,30.885,11.127,11.948,55.455,13.847,24.054,605.32,0.744,1.186,1.605,0.562,-3.22,43,558.349,1395852288,35.974,18.445,13.31,253.501,11.926,0.491,11.926,0.01,-0.994,-0.491,2.054,160.048,605.725,4,11,0,0,2,2,3,11,4,11,0,20,0,0,3,240,44.273,50.134,9.589,45.037,48.861,24.925,15.431,2,48.963,4.9,63.761,53.172,59.658,11.499,9.474,11.499,108.748,24.478,51.161,48.531,155.22,21.415,25.075,38.473,1.765,0.352,15.122,-1.661,5.987,1.722,0.164,4,4,1,1,2,4,0,0,3.052,2.232,-2.264,2.331,-2.273,5.693,-0.148,9.78,1.702,1119.197,33.788,28.671,28.671,22.043,16.873,16.873,12.54,12.54,7.955,7.955,4.866,4.866,12.208,19.802,43.781,37.306,62.502,25.671,18.947,643.408,1.109,1.587,0.622,-3.14,46,586.406,6700778887,39.04,21.616,15.432,275.738,12.131,0.491,12.131,0.019,-0.918,-0.491,6.061,180.332,643.862,2,9,2,2,2,9,2,9,24,2,258,34.06,50.134,84.065,61.826,18.381,6.421,18.346,2,38.75,103.105,46.565,59.658,11.499,12.87,9.474,11.499,85.824,24.478,96.609,48.531,114.76,21.683,25.749,20.31,1.85,0.588,15.384,7.005,9.827,2.021,0.104,2,2,2,4,1.68,1.924,-2.026,1.878,-2.216,4.561,0.604,14.641,2.832,37.061,5.699,4.853,4.853,3.308,2.765,2.765,1.746,1.746,1.062,1.062,0.418,0.418,6.042,19.386,0,6.924,11.467,102.116,2.286,-0.08,7,88.069,31.917,6.92,4.089,3.758,44.879,5.503,0.33,5.503,0.005,0.324,0.005,0.324,-0.33,0.072,31.938,102.181,2,1,2,2,3,1,44,11.467,6.924,6.042,0,4.042,0,11.467,6.545,14.143,12.587,0,0,52.04,0,10.728,0,2.787,0.53,0,9,3.975860804
23,1.406,1.672,-1.807,1.579,-2.064,4.332,0.844,14.572,2.191,12.365,4.121,3.276,3.276,2.414,1.816,1.816,0.931,0.931,0.408,0.408,0.118,0.118,0,19.51,0,0,11.467,74.084,1.4,-0.08,5,64.047,11.245,4.92,3.92,3.92,32.149,5.059,0.33,5.059,-0.007,0.719,0.007,0.719,-0.33,-0.706,22.726,74.127,2,0,2,2,2,0,32,11.467,0,0,0,3.857,0,11.467,13.09,8.4,13.09,0,0,52.04,0,10.118,0,1.438,0.455,0,2.997,2.232,-2.264,2.33,-2.33,5.693,-0.148,9.78,1.77,1090.332,31.83,25.607,25.607,20.437,14.556,14.556,11.068,11.068,6.795,6.795,4.101,4.101,24.281,24.909,57.384,30.885,11.127,11.948,55.455,13.847,24.054,605.32,0.744,1.186,1.605,0.562,-3.22,43,558.349,1395852288,35.974,18.445,13.31,253.501,11.926,0.491,11.926,0.01,-0.994,-0.491,2.054,160.048,605.725,4,11,0,0,2,2,3,11,4,11,0,20,0,0,3,240,44.273,50.134,9.589,45.037,48.861,24.925,15.431,2,48.963,4.9,63.761,53.172,59.658,11.499,9.474,11.499,108.748,24.478,51.161,48.531,155.22,21.415,25.075,38.473,1.765,0.352,15.122,-1.661,5.987,1.722,0.164,4,4,1,1,2,4,0,0,3.052,2.232,-2.264,2.331,-2.273,5.693,-0.148,9.78,1.702,1119.197,33.788,28.671,28.671,22.043,16.873,16.873,12.54,12.54,7.955,7.955,4.866,4.866,12.208,19.802,43.781,37.306,62.502,25.671,18.947,643.408,1.109,1.587,0.622,-3.14,46,586.406,6700778887,39.04,21.616,15.432,275.738,12.131,0.491,12.131,0.019,-0.918,-0.491,6.061,180.332,643.862,2,9,2,2,2,9,2,9,24,2,258,34.06,50.134,84.065,61.826,18.381,6.421,18.346,2,38.75,103.105,46.565,59.658,11.499,12.87,9.474,11.499,85.824,24.478,96.609,48.531,114.76,21.683,25.749,20.31,1.85,0.588,15.384,7.005,9.827,2.021,0.104,2,2,2,4,1.406,1.672,-1.807,1.579,-2.064,4.332,0.844,14.572,2.191,12.365,4.121,3.276,3.276,2.414,1.816,1.816,0.931,0.931,0.408,0.408,0.118,0.118,0,19.51,0,0,11.467,74.084,1.4,-0.08,5,64.047,11.245,4.92,3.92,3.92,32.149,5.059,0.33,5.059,-0.007,0.719,0.007,0.719,-0.33,-0.706,22.726,74.127,2,0,2,2,2,0,32,11.467,0,0,0,3.857,0,11.467,13.09,8.4,13.09,0,0,52.04,0,10.118,0,1.438,0.455,0,2.333333333,5.984460975
24,1.68,1.924,-2.026,1.878,-2.216,4.561,0.604,14.641,2.832,37.061,5.699,4.853,4.853,3.308,2.765,2.765,1.746,1.746,1.062,1.062,0.418,0.418,6.042,19.386,0,6.924,11.467,102.116,2.286,-0.08,7,88.069,31.917,6.92,4.089,3.758,44.879,5.503,0.33,5.503,0.005,0.324,0.005,0.324,-0.33,0.072,31.938,102.181,2,1,2,2,3,1,44,11.467,6.924,6.042,0,4.042,0,11.467,6.545,14.143,12.587,0,0,52.04,0,10.728,0,2.787,0.53,0,2.997,2.232,-2.264,2.33,-2.33,5.693,-0.148,9.78,1.77,1090.332,31.83,25.607,25.607,20.437,14.556,14.556,11.068,11.068,6.795,6.795,4.101,4.101,24.281,24.909,57.384,30.885,11.127,11.948,55.455,13.847,24.054,605.32,0.744,1.186,1.605,0.562,-3.22,43,558.349,1395852288,35.974,18.445,13.31,253.501,11.926,0.491,11.926,0.01,-0.994,-0.491,2.054,160.048,605.725,4,11,0,0,2,2,3,11,4,11,0,20,0,0,3,240,44.273,50.134,9.589,45.037,48.861,24.925,15.431,2,48.963,4.9,63.761,53.172,59.658,11.499,9.474,11.499,108.748,24.478,51.161,48.531,155.22,21.415,25.075,38.473,1.765,0.352,15.122,-1.661,5.987,1.722,0.164,4,4,1,1,2,4,0,0,3.196,2.233,-2.264,2.332,-2.273,5.693,-0.148,9.78,1.529,1282.095,40.859,35.742,35.742,27.043,21.873,21.873,16.076,16.076,10.455,10.455,6.634,6.634,12.208,19.802,43.781,37.306,62.502,25.671,18.947,783.565,0.911,1.304,0.702,-3.14,56,706.516,8.63114E+11,49.007,30.009,22.562,339.387,12.306,0.491,12.306,0.02,-0.921,-0.491,9.962,226.502,784.132,2,9,2,2,2,9,2,9,34,2,318,34.06,50.134,148.273,61.826,18.381,6.421,26.262,2,38.75,167.313,46.565,59.658,11.499,12.714,9.474,11.499,85.824,24.478,160.817,48.531,114.76,21.826,25.993,20.451,1.853,0.604,15.445,21.281,9.916,2.048,0.053,2,2,2,4,1.68,1.924,-2.026,1.878,-2.216,4.561,0.604,14.641,2.832,37.061,5.699,4.853,4.853,3.308,2.765,2.765,1.746,1.746,1.062,1.062,0.418,0.418,6.042,19.386,0,6.924,11.467,102.116,2.286,-0.08,7,88.069,31.917,6.92,4.089,3.758,44.879,5.503,0.33,5.503,0.005,0.324,0.005,0.324,-0.33,0.072,31.938,102.181,2,1,2,2,3,1,44,11.467,6.924,6.042,0,4.042,0,11.467,6.545,14.143,12.587,0,0,52.04,0,10.728,0,2.787,0.53,0,9,5.513679899
25,1.677,2.102,-2.176,2.07,-2.311,4.68,0.393,14.648,3.36,44.042,5.914,5.069,5.069,3.121,2.524,2.524,2.572,2.572,1.105,1.105,0.083,0.083,13.09,0,0,0,11.467,102.116,1.429,-0.08,7,88.069,26.839,6.92,2.285,2.596,44.879,5.337,0.33,5.337,-0.001,0.139,0.001,0.139,-0.33,-0.07,31.89,102.181,2,0,2,2,2,0,44,11.467,13.847,0,0,2.258,0,16.882,13.09,12,13.09,0,5.415,52.04,0,10.812,0,5.438,0.513,0,2.997,2.232,-2.264,2.33,-2.33,5.693,-0.148,9.78,1.77,1090.332,31.83,25.607,25.607,20.437,14.556,14.556,11.068,11.068,6.795,6.795,4.101,4.101,24.281,24.909,57.384,30.885,11.127,11.948,55.455,13.847,24.054,605.32,0.744,1.186,1.605,0.562,-3.22,43,558.349,1395852288,35.974,18.445,13.31,253.501,11.926,0.491,11.926,0.01,-0.994,-0.491,2.054,160.048,605.725,4,11,0,0,2,2,3,11,4,11,0,20,0,0,3,240,44.273,50.134,9.589,45.037,48.861,24.925,15.431,2,48.963,4.9,63.761,53.172,59.658,11.499,9.474,11.499,108.748,24.478,51.161,48.531,155.22,21.415,25.075,38.473,1.765,0.352,15.122,-1.661,5.987,1.722,0.164,4,4,1,1,2,4,0,0,3.196,2.233,-2.264,2.332,-2.273,5.693,-0.148,9.78,1.529,1282.095,40.859,35.742,35.742,27.043,21.873,21.873,16.076,16.076,10.455,10.455,6.634,6.634,12.208,19.802,43.781,37.306,62.502,25.671,18.947,783.565,0.911,1.304,0.702,-3.14,56,706.516,8.63114E+11,49.007,30.009,22.562,339.387,12.306,0.491,12.306,0.02,-0.921,-0.491,9.962,226.502,784.132,2,9,2,2,2,9,2,9,34,2,318,34.06,50.134,148.273,61.826,18.381,6.421,26.262,2,38.75,167.313,46.565,59.658,11.499,12.714,9.474,11.499,85.824,24.478,160.817,48.531,114.76,21.826,25.993,20.451,1.853,0.604,15.445,21.281,9.916,2.048,0.053,2,2,2,4,1.677,2.102,-2.176,2.07,-2.311,4.68,0.393,14.648,3.36,44.042,5.914,5.069,5.069,3.121,2.524,2.524,2.572,2.572,1.105,1.105,0.083,0.083,13.09,0,0,0,11.467,102.116,1.429,-0.08,7,88.069,26.839,6.92,2.285,2.596,44.879,5.337,0.33,5.337,-0.001,0.139,0.001,0.139,-0.33,-0.07,31.89,102.181,2,0,2,2,2,0,44,11.467,13.847,0,0,2.258,0,16.882,13.09,12,13.09,0,5.415,52.04,0,10.812,0,5.438,0.513,0,9,5.720153787
26,1.677,2.102,-2.176,2.07,-2.311,4.68,0.393,14.648,3.36,44.042,5.914,5.069,5.069,3.121,2.524,2.524,2.572,2.572,1.105,1.105,0.083,0.083,13.09,0,0,0,11.467,102.116,1.429,-0.08,7,88.069,26.839,6.92,2.285,2.596,44.879,5.337,0.33,5.337,-0.001,0.139,0.001,0.139,-0.33,-0.07,31.89,102.181,2,0,2,2,2,0,44,11.467,13.847,0,0,2.258,0,16.882,13.09,12,13.09,0,5.415,52.04,0,10.812,0,5.438,0.513,0,2.997,2.232,-2.264,2.33,-2.33,5.693,-0.148,9.78,1.77,1090.332,31.83,25.607,25.607,20.437,14.556,14.556,11.068,11.068,6.795,6.795,4.101,4.101,24.281,24.909,57.384,30.885,11.127,11.948,55.455,13.847,24.054,605.32,0.744,1.186,1.605,0.562,-3.22,43,558.349,1395852288,35.974,18.445,13.31,253.501,11.926,0.491,11.926,0.01,-0.994,-0.491,2.054,160.048,605.725,4,11,0,0,2,2,3,11,4,11,0,20,0,0,3,240,44.273,50.134,9.589,45.037,48.861,24.925,15.431,2,48.963,4.9,63.761,53.172,59.658,11.499,9.474,11.499,108.748,24.478,51.161,48.531,155.22,21.415,25.075,38.473,1.765,0.352,15.122,-1.661,5.987,1.722,0.164,4,4,1,1,2,4,0,0,3.052,2.232,-2.264,2.331,-2.273,5.693,-0.148,9.78,1.702,1119.197,33.788,28.671,28.671,22.043,16.873,16.873,12.54,12.54,7.955,7.955,4.866,4.866,12.208,19.802,43.781,37.306,62.502,25.671,18.947,643.408,1.109,1.587,0.622,-3.14,46,586.406,6700778887,39.04,21.616,15.432,275.738,12.131,0.491,12.131,0.019,-0.918,-0.491,6.061,180.332,643.862,2,9,2,2,2,9,2,9,24,2,258,34.06,50.134,84.065,61.826,18.381,6.421,18.346,2,38.75,103.105,46.565,59.658,11.499,12.87,9.474,11.499,85.824,24.478,96.609,48.531,114.76,21.683,25.749,20.31,1.85,0.588,15.384,7.005,9.827,2.021,0.104,2,2,2,4,1.677,2.102,-2.176,2.07,-2.311,4.68,0.393,14.648,3.36,44.042,5.914,5.069,5.069,3.121,2.524,2.524,2.572,2.572,1.105,1.105,0.083,0.083,13.09,0,0,0,11.467,102.116,1.429,-0.08,7,88.069,26.839,6.92,2.285,2.596,44.879,5.337,0.33,5.337,-0.001,0.139,0.001,0.139,-0.33,-0.07,31.89,102.181,2,0,2,2,2,0,44,11.467,13.847,0,0,2.258,0,16.882,13.09,12,13.09,0,5.415,52.04,0,10.812,0,5.438,0.513,0,9,5.999113263
27,2.156,1.89,-2.046,1.792,-2.147,4.349,0.017,16.541,2.758,83.458,9.778,8.036,8.036,6.414,4.549,4.549,2.414,2.414,1.268,1.268,0.709,0.709,52.731,0,0,0,25.678,192.147,1.154,-0.2,13,172.099,812.703,12.8,11.8,11.8,79.314,5.227,0.378,5.227,0.07,0.555,0.07,0.555,-0.378,-1.046,50.566,192.259,5,0,5,5,10,0,80,25.678,0,13.09,39.641,11.618,14.211,11.467,52.731,10.615,52.731,14.211,0,79.73,15.395,10.453,0,4.652,0.432,3,2.997,2.232,-2.264,2.33,-2.33,5.693,-0.148,9.78,1.77,1090.332,31.83,25.607,25.607,20.437,14.556,14.556,11.068,11.068,6.795,6.795,4.101,4.101,24.281,24.909,57.384,30.885,11.127,11.948,55.455,13.847,24.054,605.32,0.744,1.186,1.605,0.562,-3.22,43,558.349,1395852288,35.974,18.445,13.31,253.501,11.926,0.491,11.926,0.01,-0.994,-0.491,2.054,160.048,605.725,4,11,0,0,2,2,3,11,4,11,0,20,0,0,3,240,44.273,50.134,9.589,45.037,48.861,24.925,15.431,2,48.963,4.9,63.761,53.172,59.658,11.499,9.474,11.499,108.748,24.478,51.161,48.531,155.22,21.415,25.075,38.473,1.765,0.352,15.122,-1.661,5.987,1.722,0.164,4,4,1,1,2,4,0,0,3.196,2.233,-2.264,2.332,-2.273,5.693,-0.148,9.78,1.529,1282.095,40.859,35.742,35.742,27.043,21.873,21.873,16.076,16.076,10.455,10.455,6.634,6.634,12.208,19.802,43.781,37.306,62.502,25.671,18.947,783.565,0.911,1.304,0.702,-3.14,56,706.516,8.63114E+11,49.007,30.009,22.562,339.387,12.306,0.491,12.306,0.02,-0.921,-0.491,9.962,226.502,784.132,2,9,2,2,2,9,2,9,34,2,318,34.06,50.134,148.273,61.826,18.381,6.421,26.262,2,38.75,167.313,46.565,59.658,11.499,12.714,9.474,11.499,85.824,24.478,160.817,48.531,114.76,21.826,25.993,20.451,1.853,0.604,15.445,21.281,9.916,2.048,0.053,2,2,2,4,2.156,1.89,-2.046,1.792,-2.147,4.349,0.017,16.541,2.758,83.458,9.778,8.036,8.036,6.414,4.549,4.549,2.414,2.414,1.268,1.268,0.709,0.709,52.731,0,0,0,25.678,192.147,1.154,-0.2,13,172.099,812.703,12.8,11.8,11.8,79.314,5.227,0.378,5.227,0.07,0.555,0.07,0.555,-0.378,-1.046,50.566,192.259,5,0,5,5,10,0,80,25.678,0,13.09,39.641,11.618,14.211,11.467,52.731,10.615,52.731,14.211,0,79.73,15.395,10.453,0,4.652,0.432,3,2.333333333,5.978026865
28,2.156,1.89,-2.046,1.792,-2.147,4.349,0.017,16.541,2.758,83.458,9.778,8.036,8.036,6.414,4.549,4.549,2.414,2.414,1.268,1.268,0.709,0.709,52.731,0,0,0,25.678,192.147,1.154,-0.2,13,172.099,812.703,12.8,11.8,11.8,79.314,5.227,0.378,5.227,0.07,0.555,0.07,0.555,-0.378,-1.046,50.566,192.259,5,0,5,5,10,0,80,25.678,0,13.09,39.641,11.618,14.211,11.467,52.731,10.615,52.731,14.211,0,79.73,15.395,10.453,0,4.652,0.432,3,2.997,2.232,-2.264,2.33,-2.33,5.693,-0.148,9.78,1.77,1090.332,31.83,25.607,25.607,20.437,14.556,14.556,11.068,11.068,6.795,6.795,4.101,4.101,24.281,24.909,57.384,30.885,11.127,11.948,55.455,13.847,24.054,605.32,0.744,1.186,1.605,0.562,-3.22,43,558.349,1395852288,35.974,18.445,13.31,253.501,11.926,0.491,11.926,0.01,-0.994,-0.491,2.054,160.048,605.725,4,11,0,0,2,2,3,11,4,11,0,20,0,0,3,240,44.273,50.134,9.589,45.037,48.861,24.925,15.431,2,48.963,4.9,63.761,53.172,59.658,11.499,9.474,11.499,108.748,24.478,51.161,48.531,155.22,21.415,25.075,38.473,1.765,0.352,15.122,-1.661,5.987,1.722,0.164,4,4,1,1,2,4,0,0,3.052,2.232,-2.264,2.331,-2.273,5.693,-0.148,9.78,1.702,1119.197,33.788,28.671,28.671,22.043,16.873,16.873,12.54,12.54,7.955,7.955,4.866,4.866,12.208,19.802,43.781,37.306,62.502,25.671,18.947,643.408,1.109,1.587,0.622,-3.14,46,586.406,6700778887,39.04,21.616,15.432,275.738,12.131,0.491,12.131,0.019,-0.918,-0.491,6.061,180.332,643.862,2,9,2,2,2,9,2,9,24,2,258,34.06,50.134,84.065,61.826,18.381,6.421,18.346,2,38.75,103.105,46.565,59.658,11.499,12.87,9.474,11.499,85.824,24.478,96.609,48.531,114.76,21.683,25.749,20.31,1.85,0.588,15.384,7.005,9.827,2.021,0.104,2,2,2,4,2.156,1.89,-2.046,1.792,-2.147,4.349,0.017,16.541,2.758,83.458,9.778,8.036,8.036,6.414,4.549,4.549,2.414,2.414,1.268,1.268,0.709,0.709,52.731,0,0,0,25.678,192.147,1.154,-0.2,13,172.099,812.703,12.8,11.8,11.8,79.314,5.227,0.378,5.227,0.07,0.555,0.07,0.555,-0.378,-1.046,50.566,192.259,5,0,5,5,10,0,80,25.678,0,13.09,39.641,11.618,14.211,11.467,52.731,10.615,52.731,14.211,0,79.73,15.395,10.453,0,4.652,0.432,3,2.333333333,5.679152182
29,1.677,2.102,-2.176,2.07,-2.311,4.68,0.393,14.648,3.36,44.042,5.914,5.069,5.069,3.121,2.524,2.524,2.572,2.572,1.105,1.105,0.083,0.083,13.09,0,0,0,11.467,102.116,1.429,-0.08,7,88.069,26.839,6.92,2.285,2.596,44.879,5.337,0.33,5.337,-0.001,0.139,0.001,0.139,-0.33,-0.07,31.89,102.181,2,0,2,2,2,0,44,11.467,13.847,0,0,2.258,0,16.882,13.09,12,13.09,0,5.415,52.04,0,10.812,0,5.438,0.513,0,2.997,2.232,-2.264,2.33,-2.33,5.693,-0.148,9.78,1.77,1090.332,31.83,25.607,25.607,20.437,14.556,14.556,11.068,11.068,6.795,6.795,4.101,4.101,24.281,24.909,57.384,30.885,11.127,11.948,55.455,13.847,24.054,605.32,0.744,1.186,1.605,0.562,-3.22,43,558.349,1395852288,35.974,18.445,13.31,253.501,11.926,0.491,11.926,0.01,-0.994,-0.491,2.054,160.048,605.725,4,11,0,0,2,2,3,11,4,11,0,20,0,0,3,240,44.273,50.134,9.589,45.037,48.861,24.925,15.431,2,48.963,4.9,63.761,53.172,59.658,11.499,9.474,11.499,108.748,24.478,51.161,48.531,155.22,21.415,25.075,38.473,1.765,0.352,15.122,-1.661,5.987,1.722,0.164,4,4,1,1,2,4,0,0,3.113,2.232,-2.264,2.331,-2.273,5.693,-0.148,9.78,1.628,1184.063,36.616,31.5,31.5,24.043,18.873,18.873,13.955,13.955,8.955,8.955,5.573,5.573,12.208,19.802,43.781,37.306,62.502,25.671,18.947,699.471,1.02,1.46,0.659,-3.14,50,634.45,46846677904,43.025,24.917,18.2,301.197,12.225,0.491,12.225,0.02,-0.919,-0.491,7.621,198.8,699.97,2,9,2,2,2,9,2,9,28,2,282,34.06,50.134,109.748,61.826,18.381,6.421,21.441,2,38.75,128.789,46.565,59.658,11.499,12.8,9.474,11.499,85.824,24.478,122.293,48.531,114.76,21.757,25.879,20.381,1.851,0.597,15.415,12.622,9.878,2.037,0.068,2,2,2,4,1.677,2.102,-2.176,2.07,-2.311,4.68,0.393,14.648,3.36,44.042,5.914,5.069,5.069,3.121,2.524,2.524,2.572,2.572,1.105,1.105,0.083,0.083,13.09,0,0,0,11.467,102.116,1.429,-0.08,7,88.069,26.839,6.92,2.285,2.596,44.879,5.337,0.33,5.337,-0.001,0.139,0.001,0.139,-0.33,-0.07,31.89,102.181,2,0,2,2,2,0,44,11.467,13.847,0,0,2.258,0,16.882,13.09,12,13.09,0,5.415,52.04,0,10.812,0,5.438,0.513,0,2.333333333,5.561321533
30,1.68,1.924,-2.026,1.878,-2.216,4.561,0.604,14.641,2.832,37.061,5.699,4.853,4.853,3.308,2.765,2.765,1.746,1.746,1.062,1.062,0.418,0.418,6.042,19.386,0,6.924,11.467,102.116,2.286,-0.08,7,88.069,31.917,6.92,4.089,3.758,44.879,5.503,0.33,5.503,0.005,0.324,0.005,0.324,-0.33,0.072,31.938,102.181,2,1,2,2,3,1,44,11.467,6.924,6.042,0,4.042,0,11.467,6.545,14.143,12.587,0,0,52.04,0,10.728,0,2.787,0.53,0,2.997,2.232,-2.264,2.33,-2.33,5.693,-0.148,9.78,1.77,1090.332,31.83,25.607,25.607,20.437,14.556,14.556,11.068,11.068,6.795,6.795,4.101,4.101,24.281,24.909,57.384,30.885,11.127,11.948,55.455,13.847,24.054,605.32,0.744,1.186,1.605,0.562,-3.22,43,558.349,1395852288,35.974,18.445,13.31,253.501,11.926,0.491,11.926,0.01,-0.994,-0.491,2.054,160.048,605.725,4,11,0,0,2,2,3,11,4,11,0,20,0,0,3,240,44.273,50.134,9.589,45.037,48.861,24.925,15.431,2,48.963,4.9,63.761,53.172,59.658,11.499,9.474,11.499,108.748,24.478,51.161,48.531,155.22,21.415,25.075,38.473,1.765,0.352,15.122,-1.661,5.987,1.722,0.164,4,4,1,1,2,4,0,0,3.196,2.233,-2.264,2.332,-2.273,5.693,-0.148,9.78,1.529,1282.095,40.859,35.742,35.742,27.043,21.873,21.873,16.076,16.076,10.455,10.455,6.634,6.634,12.208,19.802,43.781,37.306,62.502,25.671,18.947,783.565,0.911,1.304,0.702,-3.14,56,706.516,8.63114E+11,49.007,30.009,22.562,339.387,12.306,0.491,12.306,0.02,-0.921,-0.491,9.962,226.502,784.132,2,9,2,2,2,9,2,9,34,2,318,34.06,50.134,148.273,61.826,18.381,6.421,26.262,2,38.75,167.313,46.565,59.658,11.499,12.714,9.474,11.499,85.824,24.478,160.817,48.531,114.76,21.826,25.993,20.451,1.853,0.604,15.445,21.281,9.916,2.048,0.053,2,2,2,4,1.68,1.924,-2.026,1.878,-2.216,4.561,0.604,14.641,2.832,37.061,5.699,4.853,4.853,3.308,2.765,2.765,1.746,1.746,1.062,1.062,0.418,0.418,6.042,19.386,0,6.924,11.467,102.116,2.286,-0.08,7,88.069,31.917,6.92,4.089,3.758,44.879,5.503,0.33,5.503,0.005,0.324,0.005,0.324,-0.33,0.072,31.938,102.181,2,1,2,2,3,1,44,11.467,6.924,6.042,0,4.042,0,11.467,6.545,14.143,12.587,0,0,52.04,0,10.728,0,2.787,0.53,0,2.333333333,5.808369716
31,1.406,1.672,-1.807,1.579,-2.064,4.332,0.844,14.572,2.191,12.365,4.121,3.276,3.276,2.414,1.816,1.816,0.931,0.931,0.408,0.408,0.118,0.118,0,19.51,0,0,11.467,74.084,1.4,-0.08,5,64.047,11.245,4.92,3.92,3.92,32.149,5.059,0.33,5.059,-0.007,0.719,0.007,0.719,-0.33,-0.706,22.726,74.127,2,0,2,2,2,0,32,11.467,0,0,0,3.857,0,11.467,13.09,8.4,13.09,0,0,52.04,0,10.118,0,1.438,0.455,0,2.412,2.096,-2.181,1.949,-2.326,5.698,-0.152,10.301,3.563,284.035,15.38,12.209,12.209,9.49,6.779,6.779,4.54,4.54,2.494,2.494,1.45,1.45,6.104,14.696,38.18,19.51,6.421,11.948,6.924,0,14.58,291.168,1.15,1.7,2.2,0.846,-1.18,20,266.144,16962.91,18.82,11.63,10.716,119.017,11.372,0.462,11.372,0.053,-0.811,-0.462,-0.452,72.033,291.344,2,7,0,0,0,0,1,7,2,7,0,11,0,0,1,118,24.587,13.214,9.589,6.924,13.468,19.51,10.944,0,29.276,4.9,32.29,39.958,0,0,0,0,73.113,19.063,26.186,0,96.3,9.736,24.118,17.884,0,-0.678,0,0.461,2.411,1.735,0.393,2,2,1,1,0,2,0,0,2.702,2.06,-2.155,2.103,-2.235,5.693,-0.146,10.065,3.369,387.077,21.581,19.515,19.515,14.096,12.095,12.095,8.133,8.133,5.11,5.11,3.188,3.188,0,9.589,11.939,26.055,6.924,18.871,9.474,413.351,1.069,1.586,0.917,-1.1,29,366.267,1607007.139,27.9,21.605,21.426,179.443,11.782,0.466,11.782,0.136,-0.144,-0.466,5.896,120.018,413.643,0,5,0,0,0,5,0,5,21,0,172,14.374,0,71.635,39.276,12.966,19.635,20.786,0,19.063,110.16,33.351,0,0,11.034,0,0,50.189,19.063,110.16,0,55.84,10.316,25.209,0,0,-0.28,0,16.67,6.843,2.075,0.173,0,0,0,2,1.406,1.672,-1.807,1.579,-2.064,4.332,0.844,14.572,2.191,12.365,4.121,3.276,3.276,2.414,1.816,1.816,0.931,0.931,0.408,0.408,0.118,0.118,0,19.51,0,0,11.467,74.084,1.4,-0.08,5,64.047,11.245,4.92,3.92,3.92,32.149,5.059,0.33,5.059,-0.007,0.719,0.007,0.719,-0.33,-0.706,22.726,74.127,2,0,2,2,2,0,32,11.467,0,0,0,3.857,0,11.467,13.09,8.4,13.09,0,0,52.04,0,10.118,0,1.438,0.455,0,7.700534759,6.058646174
32,1.406,1.672,-1.807,1.579,-2.064,4.332,0.844,14.572,2.191,12.365,4.121,3.276,3.276,2.414,1.816,1.816,0.931,0.931,0.408,0.408,0.118,0.118,0,19.51,0,0,11.467,74.084,1.4,-0.08,5,64.047,11.245,4.92,3.92,3.92,32.149,5.059,0.33,5.059,-0.007,0.719,0.007,0.719,-0.33,-0.706,22.726,74.127,2,0,2,2,2,0,32,11.467,0,0,0,3.857,0,11.467,13.09,8.4,13.09,0,0,52.04,0,10.118,0,1.438,0.455,0,2.461,2.064,-2.153,1.983,-2.24,5.698,-0.152,10.213,3.463,283.238,15.924,13.306,13.306,10.096,7.704,7.704,5.028,5.028,2.959,2.959,1.724,1.724,0,9.589,31.759,19.386,32.228,0,13.971,4.9,14.58,303.205,0.952,1.571,2.143,0.867,-1.14,21,274.167,31182.682,19.86,13.825,13.592,126.953,11.472,0.462,11.472,0.12,-0.274,-0.462,1.357,79.877,303.399,1,6,0,0,0,0,0,6,1,6,0,13,0,0,0,124,19.48,13.214,9.589,6.924,39.276,19.572,13.075,0,24.169,4.9,45.449,39.958,0,0,0,0,61.903,19.063,45.449,0,76.07,9.876,24.606,8.668,0,-0.528,0,4.318,3.937,1.957,0.409,1,1,1,0,0,2,0,2,2.702,2.06,-2.155,2.103,-2.235,5.693,-0.146,10.065,3.369,387.077,21.581,19.515,19.515,14.096,12.095,12.095,8.133,8.133,5.11,5.11,3.188,3.188,0,9.589,11.939,26.055,6.924,18.871,9.474,413.351,1.069,1.586,0.917,-1.1,29,366.267,1607007.139,27.9,21.605,21.426,179.443,11.782,0.466,11.782,0.136,-0.144,-0.466,5.896,120.018,413.643,0,5,0,0,0,5,0,5,21,0,172,14.374,0,71.635,39.276,12.966,19.635,20.786,0,19.063,110.16,33.351,0,0,11.034,0,0,50.189,19.063,110.16,0,55.84,10.316,25.209,0,0,-0.28,0,16.67,6.843,2.075,0.173,0,0,0,2,1.406,1.672,-1.807,1.579,-2.064,4.332,0.844,14.572,2.191,12.365,4.121,3.276,3.276,2.414,1.816,1.816,0.931,0.931,0.408,0.408,0.118,0.118,0,19.51,0,0,11.467,74.084,1.4,-0.08,5,64.047,11.245,4.92,3.92,3.92,32.149,5.059,0.33,5.059,-0.007,0.719,0.007,0.719,-0.33,-0.706,22.726,74.127,2,0,2,2,2,0,32,11.467,0,0,0,3.857,0,11.467,13.09,8.4,13.09,0,0,52.04,0,10.118,0,1.438,0.455,0,7.700534759,5.750437594
33,1.406,1.672,-1.807,1.579,-2.064,4.332,0.844,14.572,2.191,12.365,4.121,3.276,3.276,2.414,1.816,1.816,0.931,0.931,0.408,0.408,0.118,0.118,0,19.51,0,0,11.467,74.084,1.4,-0.08,5,64.047,11.245,4.92,3.92,3.92,32.149,5.059,0.33,5.059,-0.007,0.719,0.007,0.719,-0.33,-0.706,22.726,74.127,2,0,2,2,2,0,32,11.467,0,0,0,3.857,0,11.467,13.09,8.4,13.09,0,0,52.04,0,10.118,0,1.438,0.455,0,2.389,2.067,-2.182,1.938,-2.302,5.698,-0.152,10.342,3.515,282.347,15.38,13.184,13.184,9.452,7.098,7.098,5.047,5.047,2.69,2.69,1.424,1.424,0,9.589,25.152,19.386,19.51,0,28.067,9.8,9.474,288.205,0.85,1.4,1.9,0.857,-1.14,20,260.164,16077.902,18.86,11.667,11.923,121.553,11.456,0.462,11.456,0.135,-0.256,-0.462,0.756,77.494,288.388,0,6,0,0,0,0,0,6,0,6,0,11,0,0,0,118,19.274,13.214,9.589,6.924,27.564,26.055,11.002,0,19.063,9.8,26.186,53.991,0,0,0,0,75.729,19.063,26.186,0,59.08,9.885,26.695,0,0,-0.5,0,1.523,4.723,6.007,0.413,0,0,2,2,0,2,0,0,2.702,2.06,-2.155,2.103,-2.235,5.693,-0.146,10.065,3.369,387.077,21.581,19.515,19.515,14.096,12.095,12.095,8.133,8.133,5.11,5.11,3.188,3.188,0,9.589,11.939,26.055,6.924,18.871,9.474,413.351,1.069,1.586,0.917,-1.1,29,366.267,1607007.139,27.9,21.605,21.426,179.443,11.782,0.466,11.782,0.136,-0.144,-0.466,5.896,120.018,413.643,0,5,0,0,0,5,0,5,21,0,172,14.374,0,71.635,39.276,12.966,19.635,20.786,0,19.063,110.16,33.351,0,0,11.034,0,0,50.189,19.063,110.16,0,55.84,10.316,25.209,0,0,-0.28,0,16.67,6.843,2.075,0.173,0,0,0,2,1.406,1.672,-1.807,1.579,-2.064,4.332,0.844,14.572,2.191,12.365,4.121,3.276,3.276,2.414,1.816,1.816,0.931,0.931,0.408,0.408,0.118,0.118,0,19.51,0,0,11.467,74.084,1.4,-0.08,5,64.047,11.245,4.92,3.92,3.92,32.149,5.059,0.33,5.059,-0.007,0.719,0.007,0.719,-0.33,-0.706,22.726,74.127,2,0,2,2,2,0,32,11.467,0,0,0,3.857,0,11.467,13.09,8.4,13.09,0,0,52.04,0,10.118,0,1.438,0.455,0,7.700534759,-1
34,1.406,1.672,-1.807,1.579,-2.064,4.332,0.844,14.572,2.191,12.365,4.121,3.276,3.276,2.414,1.816,1.816,0.931,0.931,0.408,0.408,0.118,0.118,0,19.51,0,0,11.467,74.084,1.4,-0.08,5,64.047,11.245,4.92,3.92,3.92,32.149,5.059,0.33,5.059,-0.007,0.719,0.007,0.719,-0.33,-0.706,22.726,74.127,2,0,2,2,2,0,32,11.467,0,0,0,3.857,0,11.467,13.09,8.4,13.09,0,0,52.04,0,10.118,0,1.438,0.455,0,2.56,2.115,-2.28,1.98,-2.406,5.698,-0.152,10.335,1.978,345.362,16.916,14.421,14.421,11.113,8.414,8.414,5.698,5.698,3.663,3.663,2.19,2.19,0,9.589,25.152,19.386,45.814,0,13.971,9.8,14.211,330.215,1.043,1.652,2.261,0.875,-1.18,23,300.185,118555.416,19.866,12.268,10.252,138.391,11.608,0.462,11.608,0.131,-0.255,-0.462,0.527,86.199,330.425,0,7,1,1,0,0,0,7,0,7,1,11,1,1,0,134,19.11,13.214,14.489,6.924,13.468,39.145,10.596,1,23.8,9.8,26.186,66.199,0,0,0,0,87.937,23.8,26.186,0,68.31,15.28,27.219,0,0,-0.499,0,1.514,8.32,2,0.404,0,0,2,1,0,3,1,0,2.702,2.06,-2.155,2.103,-2.235,5.693,-0.146,10.065,3.369,387.077,21.581,19.515,19.515,14.096,12.095,12.095,8.133,8.133,5.11,5.11,3.188,3.188,0,9.589,11.939,26.055,6.924,18.871,9.474,413.351,1.069,1.586,0.917,-1.1,29,366.267,1607007.139,27.9,21.605,21.426,179.443,11.782,0.466,11.782,0.136,-0.144,-0.466,5.896,120.018,413.643,0,5,0,0,0,5,0,5,21,0,172,14.374,0,71.635,39.276,12.966,19.635,20.786,0,19.063,110.16,33.351,0,0,11.034,0,0,50.189,19.063,110.16,0,55.84,10.316,25.209,0,0,-0.28,0,16.67,6.843,2.075,0.173,0,0,0,2,1.406,1.672,-1.807,1.579,-2.064,4.332,0.844,14.572,2.191,12.365,4.121,3.276,3.276,2.414,1.816,1.816,0.931,0.931,0.408,0.408,0.118,0.118,0,19.51,0,0,11.467,74.084,1.4,-0.08,5,64.047,11.245,4.92,3.92,3.92,32.149,5.059,0.33,5.059,-0.007,0.719,0.007,0.719,-0.33,-0.706,22.726,74.127,2,0,2,2,2,0,32,11.467,0,0,0,3.857,0,11.467,13.09,8.4,13.09,0,0,52.04,0,10.118,0,1.438,0.455,0,7.700534759,-1
35,1.406,1.672,-1.807,1.579,-2.064,4.332,0.844,14.572,2.191,12.365,4.121,3.276,3.276,2.414,1.816,1.816,0.931,0.931,0.408,0.408,0.118,0.118,0,19.51,0,0,11.467,74.084,1.4,-0.08,5,64.047,11.245,4.92,3.92,3.92,32.149,5.059,0.33,5.059,-0.007,0.719,0.007,0.719,-0.33,-0.706,22.726,74.127,2,0,2,2,2,0,32,11.467,0,0,0,3.857,0,11.467,13.09,8.4,13.09,0,0,52.04,0,10.118,0,1.438,0.455,0,2.483,2.093,-2.181,1.98,-2.325,5.693,-0.146,10.291,3.481,310.408,16.795,13.623,13.623,10.49,7.779,7.779,5.247,5.247,2.95,2.95,1.716,1.716,6.104,14.696,24.966,45.566,6.421,11.948,6.924,0,14.58,319.199,1.091,1.636,2.136,0.867,-1.18,22,290.166,45701.533,20.82,13.481,12.552,131.747,11.483,0.466,11.483,0.187,-0.795,-0.466,0.328,81.267,319.398,2,7,0,0,0,0,1,7,2,7,0,13,0,0,1,130,24.587,0,9.589,6.924,26.31,19.51,12.758,0,29.276,4.9,45.132,39.958,0,0,0,0,73.113,19.063,39.028,0,96.3,10.046,24.327,17.959,0,-0.485,0,1.986,3.072,1.761,0.373,2,2,1,1,0,2,0,1,2.65,2.066,-2.155,2.103,-2.239,5.698,-0.152,10.065,3.383,360.222,20.167,18.101,18.101,13.096,11.095,11.095,7.426,7.426,4.655,4.655,2.923,2.923,0,9.589,25.152,19.386,13.971,11.824,9.474,385.319,1.111,1.63,0.909,-1.1,27,342.245,602331.181,25.9,19.656,19.466,166.713,11.671,0.462,11.671,0.149,-0.232,-0.462,5.116,110.784,385.589,0,5,0,0,0,5,0,5,19,0,160,14.374,13.214,71.635,26.434,12.966,6.421,18.855,0,19.063,97.318,33.351,0,0,10.963,0,0,50.189,19.063,97.318,0,55.84,10.033,25.029,0,0,-0.457,0,14.957,6.223,2.049,0.228,0,0,0,2,1.406,1.672,-1.807,1.579,-2.064,4.332,0.844,14.572,2.191,12.365,4.121,3.276,3.276,2.414,1.816,1.816,0.931,0.931,0.408,0.408,0.118,0.118,0,19.51,0,0,11.467,74.084,1.4,-0.08,5,64.047,11.245,4.92,3.92,3.92,32.149,5.059,0.33,5.059,-0.007,0.719,0.007,0.719,-0.33,-0.706,22.726,74.127,2,0,2,2,2,0,32,11.467,0,0,0,3.857,0,11.467,13.09,8.4,13.09,0,0,52.04,0,10.118,0,1.438,0.455,0,7.700534759,6.065708028
36,1.406,1.672,-1.807,1.579,-2.064,4.332,0.844,14.572,2.191,12.365,4.121,3.276,3.276,2.414,1.816,1.816,0.931,0.931,0.408,0.408,0.118,0.118,0,19.51,0,0,11.467,74.084,1.4,-0.08,5,64.047,11.245,4.92,3.92,3.92,32.149,5.059,0.33,5.059,-0.007,0.719,0.007,0.719,-0.33,-0.706,22.726,74.127,2,0,2,2,2,0,32,11.467,0,0,0,3.857,0,11.467,13.09,8.4,13.09,0,0,52.04,0,10.118,0,1.438,0.455,0,2.528,2.058,-2.153,1.997,-2.235,5.693,-0.146,10.213,3.409,309.359,17.339,14.72,14.72,11.096,8.704,8.704,5.736,5.736,3.414,3.414,1.989,1.989,0,9.589,18.545,45.442,32.228,0,13.971,4.9,14.58,331.236,0.87,1.478,2.043,0.882,-1.14,23,298.189,83813.03,21.86,15.744,15.527,139.683,11.583,0.466,11.583,0.161,-0.185,-0.466,2.138,89.111,331.453,1,6,0,0,0,0,0,6,1,6,0,15,0,0,0,136,19.48,0,9.589,6.924,52.117,19.572,14.964,0,24.169,4.9,58.29,39.958,0,0,0,0,61.903,19.063,58.29,0,76.07,10.172,24.805,8.696,0,-0.346,0,5.951,4.571,1.983,0.366,1,1,1,0,0,2,0,3,2.65,2.066,-2.155,2.103,-2.239,5.698,-0.152,10.065,3.383,360.222,20.167,18.101,18.101,13.096,11.095,11.095,7.426,7.426,4.655,4.655,2.923,2.923,0,9.589,25.152,19.386,13.971,11.824,9.474,385.319,1.111,1.63,0.909,-1.1,27,342.245,602331.181,25.9,19.656,19.466,166.713,11.671,0.462,11.671,0.149,-0.232,-0.462,5.116,110.784,385.589,0,5,0,0,0,5,0,5,19,0,160,14.374,13.214,71.635,26.434,12.966,6.421,18.855,0,19.063,97.318,33.351,0,0,10.963,0,0,50.189,19.063,97.318,0,55.84,10.033,25.029,0,0,-0.457,0,14.957,6.223,2.049,0.228,0,0,0,2,1.406,1.672,-1.807,1.579,-2.064,4.332,0.844,14.572,2.191,12.365,4.121,3.276,3.276,2.414,1.816,1.816,0.931,0.931,0.408,0.408,0.118,0.118,0,19.51,0,0,11.467,74.084,1.4,-0.08,5,64.047,11.245,4.92,3.92,3.92,32.149,5.059,0.33,5.059,-0.007,0.719,0.007,0.719,-0.33,-0.706,22.726,74.127,2,0,2,2,2,0,32,11.467,0,0,0,3.857,0,11.467,13.09,8.4,13.09,0,0,52.04,0,10.118,0,1.438,0.455,0,7.700534759,5.653527581
37,1.406,1.672,-1.807,1.579,-2.064,4.332,0.844,14.572,2.191,12.365,4.121,3.276,3.276,2.414,1.816,1.816,0.931,0.931,0.408,0.408,0.118,0.118,0,19.51,0,0,11.467,74.084,1.4,-0.08,5,64.047,11.245,4.92,3.92,3.92,32.149,5.059,0.33,5.059,-0.007,0.719,0.007,0.719,-0.33,-0.706,22.726,74.127,2,0,2,2,2,0,32,11.467,0,0,0,3.857,0,11.467,13.09,8.4,13.09,0,0,52.04,0,10.118,0,1.438,0.455,0,2.463,2.061,-2.182,1.975,-2.301,5.693,-0.146,10.304,3.442,308.521,16.795,14.598,14.598,10.452,8.098,8.098,5.755,5.755,3.145,3.145,1.689,1.689,0,9.589,11.939,32.6,32.352,0,28.067,9.8,9.474,316.236,0.818,1.364,1.864,0.875,-1.14,22,284.186,43365.629,20.86,13.518,13.825,134.283,11.567,0.466,11.567,0.153,-0.167,-0.466,1.537,86.728,316.442,0,6,0,0,0,0,0,6,0,6,0,13,0,0,0,130,19.274,0,9.589,6.924,40.405,26.055,12.817,0,19.063,9.8,39.028,53.991,0,0,0,0,75.729,19.063,39.028,0,59.08,10.181,26.913,0,0,-0.32,0,3.137,5.362,6.06,0.379,0,0,2,2,0,2,0,1,2.65,2.066,-2.155,2.103,-2.239,5.698,-0.152,10.065,3.383,360.222,20.167,18.101,18.101,13.096,11.095,11.095,7.426,7.426,4.655,4.655,2.923,2.923,0,9.589,25.152,19.386,13.971,11.824,9.474,385.319,1.111,1.63,0.909,-1.1,27,342.245,602331.181,25.9,19.656,19.466,166.713,11.671,0.462,11.671,0.149,-0.232,-0.462,5.116,110.784,385.589,0,5,0,0,0,5,0,5,19,0,160,14.374,13.214,71.635,26.434,12.966,6.421,18.855,0,19.063,97.318,33.351,0,0,10.963,0,0,50.189,19.063,97.318,0,55.84,10.033,25.029,0,0,-0.457,0,14.957,6.223,2.049,0.228,0,0,0,2,1.406,1.672,-1.807,1.579,-2.064,4.332,0.844,14.572,2.191,12.365,4.121,3.276,3.276,2.414,1.816,1.816,0.931,0.931,0.408,0.408,0.118,0.118,0,19.51,0,0,11.467,74.084,1.4,-0.08,5,64.047,11.245,4.92,3.92,3.92,32.149,5.059,0.33,5.059,-0.007,0.719,0.007,0.719,-0.33,-0.706,22.726,74.127,2,0,2,2,2,0,32,11.467,0,0,0,3.857,0,11.467,13.09,8.4,13.09,0,0,52.04,0,10.118,0,1.438,0.455,0,7.700534759,-1
38,1.406,1.672,-1.807,1.579,-2.064,4.332,0.844,14.572,2.191,12.365,4.121,3.276,3.276,2.414,1.816,1.816,0.931,0.931,0.408,0.408,0.118,0.118,0,19.51,0,0,11.467,74.084,1.4,-0.08,5,64.047,11.245,4.92,3.92,3.92,32.149,5.059,0.33,5.059,-0.007,0.719,0.007,0.719,-0.33,-0.706,22.726,74.127,2,0,2,2,2,0,32,11.467,0,0,0,3.857,0,11.467,13.09,8.4,13.09,0,0,52.04,0,10.118,0,1.438,0.455,0,2.619,2.114,-2.28,1.994,-2.406,5.693,-0.146,10.303,1.925,372.478,18.33,15.835,15.835,12.113,9.414,9.414,6.405,6.405,4.118,4.118,2.455,2.455,0,9.589,11.939,32.6,58.655,0,13.971,9.8,14.211,358.247,1,1.6,2.2,0.889,-1.18,25,324.207,317328.99,21.862,14.038,11.909,151.121,11.718,0.466,11.718,0.153,-0.166,-0.466,1.307,95.433,358.479,0,7,1,1,0,0,0,7,0,7,1,13,1,1,0,146,19.11,0,14.489,6.924,26.31,39.145,12.276,1,23.8,9.8,39.028,66.199,0,0,0,0,87.937,23.8,39.028,0,68.31,15.585,27.421,0,0,-0.319,0,3.122,8.998,2.026,0.363,0,0,2,1,0,3,1,1,2.65,2.066,-2.155,2.103,-2.239,5.698,-0.152,10.065,3.383,360.222,20.167,18.101,18.101,13.096,11.095,11.095,7.426,7.426,4.655,4.655,2.923,2.923,0,9.589,25.152,19.386,13.971,11.824,9.474,385.319,1.111,1.63,0.909,-1.1,27,342.245,602331.181,25.9,19.656,19.466,166.713,11.671,0.462,11.671,0.149,-0.232,-0.462,5.116,110.784,385.589,0,5,0,0,0,5,0,5,19,0,160,14.374,13.214,71.635,26.434,12.966,6.421,18.855,0,19.063,97.318,33.351,0,0,10.963,0,0,50.189,19.063,97.318,0,55.84,10.033,25.029,0,0,-0.457,0,14.957,6.223,2.049,0.228,0,0,0,2,1.406,1.672,-1.807,1.579,-2.064,4.332,0.844,14.572,2.191,12.365,4.121,3.276,3.276,2.414,1.816,1.816,0.931,0.931,0.408,0.408,0.118,0.118,0,19.51,0,0,11.467,74.084,1.4,-0.08,5,64.047,11.245,4.92,3.92,3.92,32.149,5.059,0.33,5.059,-0.007,0.719,0.007,0.719,-0.33,-0.706,22.726,74.127,2,0,2,2,2,0,32,11.467,0,0,0,3.857,0,11.467,13.09,8.4,13.09,0,0,52.04,0,10.118,0,1.438,0.455,0,7.700534759,-1
39,1.406,1.672,-1.807,1.579,-2.064,4.332,0.844,14.572,2.191,12.365,4.121,3.276,3.276,2.414,1.816,1.816,0.931,0.931,0.408,0.408,0.118,0.118,0,19.51,0,0,11.467,74.084,1.4,-0.08,5,64.047,11.245,4.92,3.92,3.92,32.149,5.059,0.33,5.059,-0.007,0.719,0.007,0.719,-0.33,-0.706,22.726,74.127,2,0,2,2,2,0,32,11.467,0,0,0,3.857,0,11.467,13.09,8.4,13.09,0,0,52.04,0,10.118,0,1.438,0.455,0,2.929,2.071,-2.182,2.195,-2.302,5.693,-0.145,10.046,1.648,999.154,29.004,24.563,24.563,19.351,14.011,14.011,9.828,9.828,5.888,5.888,3.689,3.689,0,9.589,25.152,45.814,48.557,0,70.531,15.866,23.684,558.331,0.675,1.225,1.825,0.548,-3.14,40,512.348,461183232.8,33.069,19.845,15.451,238.833,12.001,0.491,12.001,0.192,-0.212,-0.491,3.822,154.993,558.716,0,9,0,0,2,2,0,9,0,9,0,21,0,0,0,222,33.484,37.927,9.589,31.189,69.377,26.055,16.406,2,33.273,9.8,32.607,80.419,59.658,11.499,9.474,11.499,102.157,30.22,37.313,48.531,86.77,27.453,27.559,0,2.219,1.105,15.847,2.307,6.441,6.07,0.168,0,0,2,2,2,5,0,0,3.064,2.072,-2.157,2.197,-2.239,5.693,-0.145,10.046,1.54,1092.496,33.79,29.48,29.48,22.995,18.008,18.008,12.207,12.207,7.853,7.853,5.188,5.188,0,9.589,25.152,39.269,43.322,31.004,23.684,655.445,1.085,1.681,0.641,-3.1,47,594.429,16297058697,40.076,26.914,21.407,283.993,12.216,0.491,12.216,0.182,-0.189,-0.491,8.181,188.283,655.917,0,8,2,2,0,8,0,8,29,0,264,28.584,37.927,95.9,68.247,12.966,19.635,22.949,2,33.273,103.739,59.778,59.658,11.499,11.064,9.474,11.499,76.617,30.22,108.445,48.531,83.53,27.663,25.796,0,2.235,1.156,15.948,15.672,7.952,2.079,0.064,0,0,2,5,1.406,1.672,-1.807,1.579,-2.064,4.332,0.844,14.572,2.191,12.365,4.121,3.276,3.276,2.414,1.816,1.816,0.931,0.931,0.408,0.408,0.118,0.118,0,19.51,0,0,11.467,74.084,1.4,-0.08,5,64.047,11.245,4.92,3.92,3.92,32.149,5.059,0.33,5.059,-0.007,0.719,0.007,0.719,-0.33,-0.706,22.726,74.127,2,0,2,2,2,0,32,11.467,0,0,0,3.857,0,11.467,13.09,8.4,13.09,0,0,52.04,0,10.118,0,1.438,0.455,0,7.700534759,5.227558848
40,1.406,1.672,-1.807,1.579,-2.064,4.332,0.844,14.572,2.191,12.365,4.121,3.276,3.276,2.414,1.816,1.816,0.931,0.931,0.408,0.408,0.118,0.118,0,19.51,0,0,11.467,74.084,1.4,-0.08,5,64.047,11.245,4.92,3.92,3.92,32.149,5.059,0.33,5.059,-0.007,0.719,0.007,0.719,-0.33,-0.706,22.726,74.127,2,0,2,2,2,0,32,11.467,0,0,0,3.857,0,11.467,13.09,8.4,13.09,0,0,52.04,0,10.118,0,1.438,0.455,0,2.964,2.069,-2.155,2.196,-2.24,5.693,-0.145,10.046,1.628,999.168,29.548,24.685,24.685,19.995,14.617,14.617,9.809,9.809,6.157,6.157,3.989,3.989,0,9.589,31.759,45.814,61.275,0,62.502,4.9,28.791,573.33,0.732,1.317,1.951,0.562,-3.14,41,526.351,878744740.8,34.063,21.586,16.655,244.232,12.016,0.491,12.016,0.195,-0.23,-0.491,4.423,157.376,573.727,1,9,0,0,2,2,0,9,1,9,0,23,0,0,0,228,33.691,37.927,9.589,31.189,81.089,19.572,17.934,2,38.38,4.9,51.869,66.385,59.658,11.499,9.474,11.499,88.33,30.22,56.576,48.531,103.76,27.44,25.444,8.831,2.204,1.069,15.798,5.089,5.639,1.987,0.153,1,1,1,0,2,5,0,2,3.064,2.072,-2.157,2.197,-2.239,5.693,-0.145,10.046,1.54,1092.496,33.79,29.48,29.48,22.995,18.008,18.008,12.207,12.207,7.853,7.853,5.188,5.188,0,9.589,25.152,39.269,43.322,31.004,23.684,655.445,1.085,1.681,0.641,-3.1,47,594.429,16297058697,40.076,26.914,21.407,283.993,12.216,0.491,12.216,0.182,-0.189,-0.491,8.181,188.283,655.917,0,8,2,2,0,8,0,8,29,0,264,28.584,37.927,95.9,68.247,12.966,19.635,22.949,2,33.273,103.739,59.778,59.658,11.499,11.064,9.474,11.499,76.617,30.22,108.445,48.531,83.53,27.663,25.796,0,2.235,1.156,15.948,15.672,7.952,2.079,0.064,0,0,2,5,1.406,1.672,-1.807,1.579,-2.064,4.332,0.844,14.572,2.191,12.365,4.121,3.276,3.276,2.414,1.816,1.816,0.931,0.931,0.408,0.408,0.118,0.118,0,19.51,0,0,11.467,74.084,1.4,-0.08,5,64.047,11.245,4.92,3.92,3.92,32.149,5.059,0.33,5.059,-0.007,0.719,0.007,0.719,-0.33,-0.706,22.726,74.127,2,0,2,2,2,0,32,11.467,0,0,0,3.857,0,11.467,13.09,8.4,13.09,0,0,52.04,0,10.118,0,1.438,0.455,0,7.700534759,5.118414379
41,1.406,1.672,-1.807,1.579,-2.064,4.332,0.844,14.572,2.191,12.365,4.121,3.276,3.276,2.414,1.816,1.816,0.931,0.931,0.408,0.408,0.118,0.118,0,19.51,0,0,11.467,74.084,1.4,-0.08,5,64.047,11.245,4.92,3.92,3.92,32.149,5.059,0.33,5.059,-0.007,0.719,0.007,0.719,-0.33,-0.706,22.726,74.127,2,0,2,2,2,0,32,11.467,0,0,0,3.857,0,11.467,13.09,8.4,13.09,0,0,52.04,0,10.118,0,1.438,0.455,0,2.94,2.099,-2.182,2.195,-2.326,5.693,-0.145,10.046,1.655,1000.65,29.004,23.588,23.588,19.389,13.691,13.691,9.32,9.32,5.692,5.692,3.716,3.716,6.104,14.696,51.332,44.957,23.297,11.948,55.455,0,28.791,561.294,0.825,1.375,1.975,0.533,-3.18,40,518.328,483833450,33.029,19.812,14.831,236.297,11.917,0.491,11.917,0.138,-0.825,-0.491,2.613,149.532,561.672,2,10,0,0,2,2,1,10,2,10,0,21,0,0,1,222,38.797,37.927,9.589,31.189,55.282,19.51,16.359,2,43.486,4.9,38.711,66.385,59.658,11.499,9.474,11.499,99.541,30.22,37.313,48.531,123.99,27.26,24.988,18.307,2.157,0.896,15.614,1.256,4.091,1.764,0.174,2,2,1,1,2,5,0,0,3.064,2.072,-2.157,2.197,-2.239,5.693,-0.145,10.046,1.54,1092.496,33.79,29.48,29.48,22.995,18.008,18.008,12.207,12.207,7.853,7.853,5.188,5.188,0,9.589,25.152,39.269,43.322,31.004,23.684,655.445,1.085,1.681,0.641,-3.1,47,594.429,16297058697,40.076,26.914,21.407,283.993,12.216,0.491,12.216,0.182,-0.189,-0.491,8.181,188.283,655.917,0,8,2,2,0,8,0,8,29,0,264,28.584,37.927,95.9,68.247,12.966,19.635,22.949,2,33.273,103.739,59.778,59.658,11.499,11.064,9.474,11.499,76.617,30.22,108.445,48.531,83.53,27.663,25.796,0,2.235,1.156,15.948,15.672,7.952,2.079,0.064,0,0,2,5,1.406,1.672,-1.807,1.579,-2.064,4.332,0.844,14.572,2.191,12.365,4.121,3.276,3.276,2.414,1.816,1.816,0.931,0.931,0.408,0.408,0.118,0.118,0,19.51,0,0,11.467,74.084,1.4,-0.08,5,64.047,11.245,4.92,3.92,3.92,32.149,5.059,0.33,5.059,-0.007,0.719,0.007,0.719,-0.33,-0.706,22.726,74.127,2,0,2,2,2,0,32,11.467,0,0,0,3.857,0,11.467,13.09,8.4,13.09,0,0,52.04,0,10.118,0,1.438,0.455,0,7.700534759,5.419444375
42,1.406,1.672,-1.807,1.579,-2.064,4.332,0.844,14.572,2.191,12.365,4.121,3.276,3.276,2.414,1.816,1.816,0.931,0.931,0.408,0.408,0.118,0.118,0,19.51,0,0,11.467,74.084,1.4,-0.08,5,64.047,11.245,4.92,3.92,3.92,32.149,5.059,0.33,5.059,-0.007,0.719,0.007,0.719,-0.33,-0.706,22.726,74.127,2,0,2,2,2,0,32,11.467,0,0,0,3.857,0,11.467,13.09,8.4,13.09,0,0,52.04,0,10.118,0,1.438,0.455,0,3.015,2.118,-2.28,2.196,-2.406,5.693,-0.145,10.046,1.271,1076.373,30.539,25.8,25.8,21.012,15.327,15.327,10.479,10.479,6.861,6.861,4.455,4.455,0,9.589,25.152,45.814,74.86,0,50.37,21.933,28.421,600.341,0.791,1.372,2.023,0.576,-3.18,43,552.369,3267228032,34.312,20.678,15.212,255.67,12.152,0.491,12.152,0.192,-0.211,-0.491,3.592,163.698,600.753,0,10,1,1,2,2,0,10,0,10,1,21,1,1,0,238,33.321,37.927,14.489,31.189,55.282,39.145,16.5,3,38.01,9.8,32.607,92.627,59.658,11.499,9.474,11.499,114.365,34.957,37.313,48.531,96,32.944,28.033,0,2.218,1.105,15.868,2.298,10.004,2.03,0.156,0,0,2,1,2,6,1,0,3.064,2.072,-2.157,2.197,-2.239,5.693,-0.145,10.046,1.54,1092.496,33.79,29.48,29.48,22.995,18.008,18.008,12.207,12.207,7.853,7.853,5.188,5.188,0,9.589,25.152,39.269,43.322,31.004,23.684,655.445,1.085,1.681,0.641,-3.1,47,594.429,16297058697,40.076,26.914,21.407,283.993,12.216,0.491,12.216,0.182,-0.189,-0.491,8.181,188.283,655.917,0,8,2,2,0,8,0,8,29,0,264,28.584,37.927,95.9,68.247,12.966,19.635,22.949,2,33.273,103.739,59.778,59.658,11.499,11.064,9.474,11.499,76.617,30.22,108.445,48.531,83.53,27.663,25.796,0,2.235,1.156,15.948,15.672,7.952,2.079,0.064,0,0,2,5,1.406,1.672,-1.807,1.579,-2.064,4.332,0.844,14.572,2.191,12.365,4.121,3.276,3.276,2.414,1.816,1.816,0.931,0.931,0.408,0.408,0.118,0.118,0,19.51,0,0,11.467,74.084,1.4,-0.08,5,64.047,11.245,4.92,3.92,3.92,32.149,5.059,0.33,5.059,-0.007,0.719,0.007,0.719,-0.33,-0.706,22.726,74.127,2,0,2,2,2,0,32,11.467,0,0,0,3.857,0,11.467,13.09,8.4,13.09,0,0,52.04,0,10.118,0,1.438,0.455,0,7.700534759,5.314709024
43,1.406,1.672,-1.807,1.579,-2.064,4.332,0.844,14.572,2.191,12.365,4.121,3.276,3.276,2.414,1.816,1.816,0.931,0.931,0.408,0.408,0.118,0.118,0,19.51,0,0,11.467,74.084,1.4,-0.08,5,64.047,11.245,4.92,3.92,3.92,32.149,5.059,0.33,5.059,-0.007,0.719,0.007,0.719,-0.33,-0.706,22.726,74.127,2,0,2,2,2,0,32,11.467,0,0,0,3.857,0,11.467,13.09,8.4,13.09,0,0,52.04,0,10.118,0,1.438,0.455,0,3.067,2.233,-2.28,2.331,-2.406,5.693,-0.148,9.78,1.346,1167.595,33.365,27.82,27.82,22.061,16.191,16.191,12.227,12.227,7.964,7.964,4.841,4.841,12.208,19.802,50.202,30.885,50.52,0,62.502,23.647,23.684,644.367,0.804,1.283,1.761,0.6,-3.22,46,592.39,9404520303,37.24,19.442,13.253,272.875,12.162,0.491,12.162,0.007,-0.933,-0.491,3.033,174.215,644.806,2,11,1,1,2,2,2,11,2,11,1,20,1,1,2,256,38.797,50.134,14.489,45.037,48.861,44.56,15.74,3,43.486,9.8,57.657,79.413,59.658,11.499,9.474,11.499,123.572,29.215,51.161,48.531,127.23,27.044,28.088,20.317,1.833,0.549,15.343,-0.537,11.793,1.988,0.207,2,2,2,1,2,5,1,0,3.113,2.232,-2.264,2.331,-2.273,5.693,-0.148,9.78,1.628,1184.063,36.616,31.5,31.5,24.043,18.873,18.873,13.955,13.955,8.955,8.955,5.573,5.573,12.208,19.802,43.781,37.306,62.502,25.671,18.947,699.471,1.02,1.46,0.659,-3.14,50,634.45,46846677904,43.025,24.917,18.2,301.197,12.225,0.491,12.225,0.02,-0.919,-0.491,7.621,198.8,699.97,2,9,2,2,2,9,2,9,28,2,282,34.06,50.134,109.748,61.826,18.381,6.421,21.441,2,38.75,128.789,46.565,59.658,11.499,12.8,9.474,11.499,85.824,24.478,122.293,48.531,114.76,21.757,25.879,20.381,1.851,0.597,15.415,12.622,9.878,2.037,0.068,2,2,2,4,1.406,1.672,-1.807,1.579,-2.064,4.332,0.844,14.572,2.191,12.365,4.121,3.276,3.276,2.414,1.816,1.816,0.931,0.931,0.408,0.408,0.118,0.118,0,19.51,0,0,11.467,74.084,1.4,-0.08,5,64.047,11.245,4.92,3.92,3.92,32.149,5.059,0.33,5.059,-0.007,0.719,0.007,0.719,-0.33,-0.706,22.726,74.127,2,0,2,2,2,0,32,11.467,0,0,0,3.857,0,11.467,13.09,8.4,13.09,0,0,52.04,0,10.118,0,1.438,0.455,0,7.700534759,6.768860677
44,1.406,1.672,-1.807,1.579,-2.064,4.332,0.844,14.572,2.191,12.365,4.121,3.276,3.276,2.414,1.816,1.816,0.931,0.931,0.408,0.408,0.118,0.118,0,19.51,0,0,11.467,74.084,1.4,-0.08,5,64.047,11.245,4.92,3.92,3.92,32.149,5.059,0.33,5.059,-0.007,0.719,0.007,0.719,-0.33,-0.706,22.726,74.127,2,0,2,2,2,0,32,11.467,0,0,0,3.857,0,11.467,13.09,8.4,13.09,0,0,52.04,0,10.118,0,1.438,0.455,0,2.988,2.232,-2.264,2.33,-2.309,5.693,-0.148,9.78,1.764,1089.086,31.83,26.583,26.583,20.399,14.876,14.876,11.576,11.576,6.991,6.991,4.075,4.075,12.208,19.802,50.202,30.885,24.216,0,76.598,23.647,18.947,602.357,0.698,1.14,1.558,0.576,-3.18,43,552.369,1331003181,36.014,18.477,13.771,256.038,12.011,0.491,12.011,0.01,-0.926,-0.491,3.262,165.51,602.769,2,10,0,0,2,2,2,10,2,10,0,20,0,0,2,240,38.96,50.134,9.589,45.037,62.956,31.47,15.475,2,38.75,9.8,57.657,67.205,59.658,11.499,9.474,11.499,111.364,24.478,51.161,48.531,118,21.58,27.615,20.227,1.838,0.549,15.325,-0.523,8.328,5.978,0.219,2,2,2,2,2,4,0,0,3.113,2.232,-2.264,2.331,-2.273,5.693,-0.148,9.78,1.628,1184.063,36.616,31.5,31.5,24.043,18.873,18.873,13.955,13.955,8.955,8.955,5.573,5.573,12.208,19.802,43.781,37.306,62.502,25.671,18.947,699.471,1.02,1.46,0.659,-3.14,50,634.45,46846677904,43.025,24.917,18.2,301.197,12.225,0.491,12.225,0.02,-0.919,-0.491,7.621,198.8,699.97,2,9,2,2,2,9,2,9,28,2,282,34.06,50.134,109.748,61.826,18.381,6.421,21.441,2,38.75,128.789,46.565,59.658,11.499,12.8,9.474,11.499,85.824,24.478,122.293,48.531,114.76,21.757,25.879,20.381,1.851,0.597,15.415,12.622,9.878,2.037,0.068,2,2,2,4,1.406,1.672,-1.807,1.579,-2.064,4.332,0.844,14.572,2.191,12.365,4.121,3.276,3.276,2.414,1.816,1.816,0.931,0.931,0.408,0.408,0.118,0.118,0,19.51,0,0,11.467,74.084,1.4,-0.08,5,64.047,11.245,4.92,3.92,3.92,32.149,5.059,0.33,5.059,-0.007,0.719,0.007,0.719,-0.33,-0.706,22.726,74.127,2,0,2,2,2,0,32,11.467,0,0,0,3.857,0,11.467,13.09,8.4,13.09,0,0,52.04,0,10.118,0,1.438,0.455,0,7.700534759,6.69161763
45,1.406,1.672,-1.807,1.579,-2.064,4.332,0.844,14.572,2.191,12.365,4.121,3.276,3.276,2.414,1.816,1.816,0.931,0.931,0.408,0.408,0.118,0.118,0,19.51,0,0,11.467,74.084,1.4,-0.08,5,64.047,11.245,4.92,3.92,3.92,32.149,5.059,0.33,5.059,-0.007,0.719,0.007,0.719,-0.33,-0.706,22.726,74.127,2,0,2,2,2,0,32,11.467,0,0,0,3.857,0,11.467,13.09,8.4,13.09,0,0,52.04,0,10.118,0,1.438,0.455,0,3.02,2.232,-2.264,2.33,-2.273,5.693,-0.148,9.78,1.739,1088.934,32.374,26.704,26.704,21.043,15.482,15.482,11.557,11.557,7.26,7.26,4.374,4.374,12.208,19.802,56.809,30.885,36.934,0,62.502,18.747,24.054,617.356,0.727,1.205,1.659,0.588,-3.18,44,566.372,2533258778,37.009,19.968,14.07,261.437,12.026,0.491,12.026,0.002,-0.941,-0.491,3.863,167.892,617.78,3,10,0,0,2,2,2,10,3,10,0,22,0,0,2,246,39.167,50.134,9.589,45.037,74.668,24.987,16.795,2,43.856,4.9,76.919,53.172,59.658,11.499,9.474,11.499,97.538,24.478,70.423,48.531,134.99,21.569,25.529,29.068,1.819,0.514,15.28,2.151,7.542,1.945,0.132,3,3,1,0,2,4,0,2,3.113,2.232,-2.264,2.331,-2.273,5.693,-0.148,9.78,1.628,1184.063,36.616,31.5,31.5,24.043,18.873,18.873,13.955,13.955,8.955,8.955,5.573,5.573,12.208,19.802,43.781,37.306,62.502,25.671,18.947,699.471,1.02,1.46,0.659,-3.14,50,634.45,46846677904,43.025,24.917,18.2,301.197,12.225,0.491,12.225,0.02,-0.919,-0.491,7.621,198.8,699.97,2,9,2,2,2,9,2,9,28,2,282,34.06,50.134,109.748,61.826,18.381,6.421,21.441,2,38.75,128.789,46.565,59.658,11.499,12.8,9.474,11.499,85.824,24.478,122.293,48.531,114.76,21.757,25.879,20.381,1.851,0.597,15.415,12.622,9.878,2.037,0.068,2,2,2,4,1.406,1.672,-1.807,1.579,-2.064,4.332,0.844,14.572,2.191,12.365,4.121,3.276,3.276,2.414,1.816,1.816,0.931,0.931,0.408,0.408,0.118,0.118,0,19.51,0,0,11.467,74.084,1.4,-0.08,5,64.047,11.245,4.92,3.92,3.92,32.149,5.059,0.33,5.059,-0.007,0.719,0.007,0.719,-0.33,-0.706,22.726,74.127,2,0,2,2,2,0,32,11.467,0,0,0,3.857,0,11.467,13.09,8.4,13.09,0,0,52.04,0,10.118,0,1.438,0.455,0,7.700534759,6.605754799
46,1.406,1.672,-1.807,1.579,-2.064,4.332,0.844,14.572,2.191,12.365,4.121,3.276,3.276,2.414,1.816,1.816,0.931,0.931,0.408,0.408,0.118,0.118,0,19.51,0,0,11.467,74.084,1.4,-0.08,5,64.047,11.245,4.92,3.92,3.92,32.149,5.059,0.33,5.059,-0.007,0.719,0.007,0.719,-0.33,-0.706,22.726,74.127,2,0,2,2,2,0,32,11.467,0,0,0,3.857,0,11.467,13.09,8.4,13.09,0,0,52.04,0,10.118,0,1.438,0.455,0,2.997,2.232,-2.264,2.33,-2.33,5.693,-0.148,9.78,1.77,1090.332,31.83,25.607,25.607,20.437,14.556,14.556,11.068,11.068,6.795,6.795,4.101,4.101,24.281,24.909,57.384,30.885,11.127,11.948,55.455,13.847,24.054,605.32,0.744,1.186,1.605,0.562,-3.22,43,558.349,1395852288,35.974,18.445,13.31,253.501,11.926,0.491,11.926,0.01,-0.994,-0.491,2.054,160.048,605.725,4,11,0,0,2,2,3,11,4,11,0,20,0,0,3,240,44.273,50.134,9.589,45.037,48.861,24.925,15.431,2,48.963,4.9,63.761,53.172,59.658,11.499,9.474,11.499,108.748,24.478,51.161,48.531,155.22,21.415,25.075,38.473,1.765,0.352,15.122,-1.661,5.987,1.722,0.164,4,4,1,1,2,4,0,0,3.113,2.232,-2.264,2.331,-2.273,5.693,-0.148,9.78,1.628,1184.063,36.616,31.5,31.5,24.043,18.873,18.873,13.955,13.955,8.955,8.955,5.573,5.573,12.208,19.802,43.781,37.306,62.502,25.671,18.947,699.471,1.02,1.46,0.659,-3.14,50,634.45,46846677904,43.025,24.917,18.2,301.197,12.225,0.491,12.225,0.02,-0.919,-0.491,7.621,198.8,699.97,2,9,2,2,2,9,2,9,28,2,282,34.06,50.134,109.748,61.826,18.381,6.421,21.441,2,38.75,128.789,46.565,59.658,11.499,12.8,9.474,11.499,85.824,24.478,122.293,48.531,114.76,21.757,25.879,20.381,1.851,0.597,15.415,12.622,9.878,2.037,0.068,2,2,2,4,1.406,1.672,-1.807,1.579,-2.064,4.332,0.844,14.572,2.191,12.365,4.121,3.276,3.276,2.414,1.816,1.816,0.931,0.931,0.408,0.408,0.118,0.118,0,19.51,0,0,11.467,74.084,1.4,-0.08,5,64.047,11.245,4.92,3.92,3.92,32.149,5.059,0.33,5.059,-0.007,0.719,0.007,0.719,-0.33,-0.706,22.726,74.127,2,0,2,2,2,0,32,11.467,0,0,0,3.857,0,11.467,13.09,8.4,13.09,0,0,52.04,0,10.118,0,1.438,0.455,0,7.700534759,6.723565447