Paper_ID,ID,input1,input2,input3,input4,B_num,RC_ratio,Wt_1,TPSA_1,NumHDonors_1,NumHAcceptors_1,MolLogP_1,NumRotatableBonds_1,HeavyAtomCount_1,RingCount_1,BertzCT_1,Wt_2,TPSA_2,NumHDonors_2,NumHAcceptors_2,MolLogP_2,NumRotatableBonds_2,HeavyAtomCount_2,RingCount_2,BertzCT_2,Wt_3,TPSA_3,NumHDonors_3,NumHAcceptors_3,MolLogP_3,NumRotatableBonds_3,HeavyAtomCount_3,RingCount_3,BertzCT_3,Wt_4,TPSA_4,NumHDonors_4,NumHAcceptors_4,MolLogP_4,NumRotatableBonds_4,HeavyAtomCount_4,RingCount_4,BertzCT_4,Expression
100,1,*CCCCCCCCCCCC,*CC(*)C(=O)OCCN(CC)CC,*CC(*)C(=O)OCCOc1ccccc1,*SC(=S)SC(C)(C#N)CCC(=O)O,2,2,170.34,0,0,0,4.9272,9,12,0,56.4385619,173.256,29.54,0,3,1.2814,6,12,0,121.6969429,194.23,35.53,0,3,2.0186,5,14,1,269.1209499,235.355,61.09,2,4,2.08138,4,13,0,260.9534945,2.645422269
100,2,*CCCCCCCCCCCC,*CC(*)C(=O)OCCN(CC)CC,*CC(*)C(=O)OCCOc1ccccc1,*SC(=S)SC(C)(C#N)CCC(=O)O,2,1,170.34,0,0,0,4.9272,9,12,0,56.4385619,173.256,29.54,0,3,1.2814,6,12,0,121.6969429,194.23,35.53,0,3,2.0186,5,14,1,269.1209499,235.355,61.09,2,4,2.08138,4,13,0,260.9534945,2.871864702
100,3,*CCCCCCCCCCCC,*CC(*)C(=O)OCCN(CC)CC,*CC(*)C(=O)OCCOc1ccccc1,*SC(=S)SC(C)(C#N)CCC(=O)O,2,0.5,170.34,0,0,0,4.9272,9,12,0,56.4385619,173.256,29.54,0,3,1.2814,6,12,0,121.6969429,194.23,35.53,0,3,2.0186,5,14,1,269.1209499,235.355,61.09,2,4,2.08138,4,13,0,260.9534945,2.650307523
100,4,*CCCCCCCCCCCC,*CC(*)C(=O)OCCN(CC)CC,*CC(*)C(=O)OCCOc1ccccc1,*SC(=S)SC(C)(C#N)CCC(=O)O,5,2,170.34,0,0,0,4.9272,9,12,0,56.4385619,173.256,29.54,0,3,1.2814,6,12,0,121.6969429,194.23,35.53,0,3,2.0186,5,14,1,269.1209499,235.355,61.09,2,4,2.08138,4,13,0,260.9534945,2.155336037
100,5,*CCCCCCCCCCCC,*CC(*)C(=O)OCCN(CC)CC,*CC(*)C(=O)OCCOc1ccccc1,*SC(=S)SC(C)(C#N)CCC(=O)O,5,1,170.34,0,0,0,4.9272,9,12,0,56.4385619,173.256,29.54,0,3,1.2814,6,12,0,121.6969429,194.23,35.53,0,3,2.0186,5,14,1,269.1209499,235.355,61.09,2,4,2.08138,4,13,0,260.9534945,2.483587297
100,6,*CCCCCCCCCCCC,*CC(*)C(=O)OCCN(CC)CC,*CC(*)C(=O)OCCOc1ccccc1,*SC(=S)SC(C)(C#N)CCC(=O)O,5,0.5,170.34,0,0,0,4.9272,9,12,0,56.4385619,173.256,29.54,0,3,1.2814,6,12,0,121.6969429,194.23,35.53,0,3,2.0186,5,14,1,269.1209499,235.355,61.09,2,4,2.08138,4,13,0,260.9534945,3.716796042
100,7,*CCCCCCCCCCCC,*CC(*)C(=O)OCCN(CC)CC,*CC(*)C(=O)OCCOc1ccccc1,*SC(=S)SC(C)(C#N)CCC(=O)O,10,2,170.34,0,0,0,4.9272,9,12,0,56.4385619,173.256,29.54,0,3,1.2814,6,12,0,121.6969429,194.23,35.53,0,3,2.0186,5,14,1,269.1209499,235.355,61.09,2,4,2.08138,4,13,0,260.9534945,2.47348697
100,8,*CCCCCCCCCCCC,*CC(*)C(=O)OCCN(CC)CC,*CC(*)C(=O)OCCOc1ccccc1,*SC(=S)SC(C)(C#N)CCC(=O)O,10,1,170.34,0,0,0,4.9272,9,12,0,56.4385619,173.256,29.54,0,3,1.2814,6,12,0,121.6969429,194.23,35.53,0,3,2.0186,5,14,1,269.1209499,235.355,61.09,2,4,2.08138,4,13,0,260.9534945,2.55448916
100,9,*CCCCCCCCCCCC,*CC(*)C(=O)OCCN(CC)CC,*CC(*)C(=O)OCCOc1ccccc1,*SC(=S)SC(C)(C#N)CCC(=O)O,10,0.5,170.34,0,0,0,4.9272,9,12,0,56.4385619,173.256,29.54,0,3,1.2814,6,12,0,121.6969429,194.23,35.53,0,3,2.0186,5,14,1,269.1209499,235.355,61.09,2,4,2.08138,4,13,0,260.9534945,2.626853415
100,10,*CCCCCCCCCCCC,*CC(*)C(=O)OCCN(CC)CC,*CC(*)C(=O)OCCOc1ccccc1,*SC(=S)SC(C)(C#N)CCC(=O)O,20,2,170.34,0,0,0,4.9272,9,12,0,56.4385619,173.256,29.54,0,3,1.2814,6,12,0,121.6969429,194.23,35.53,0,3,2.0186,5,14,1,269.1209499,235.355,61.09,2,4,2.08138,4,13,0,260.9534945,2.785329835
100,11,*CCCCCCCCCCCC,*CC(*)C(=O)OCCN(CC)CC,*CC(*)C(=O)OCCOc1ccccc1,*SC(=S)SC(C)(C#N)CCC(=O)O,20,1,170.34,0,0,0,4.9272,9,12,0,56.4385619,173.256,29.54,0,3,1.2814,6,12,0,121.6969429,194.23,35.53,0,3,2.0186,5,14,1,269.1209499,235.355,61.09,2,4,2.08138,4,13,0,260.9534945,3.624230514
100,12,*CCCCCCCCCCCC,*CC(*)C(=O)OCCN(CC)CC,*CC(*)C(=O)OCCOc1ccccc1,*SC(=S)SC(C)(C#N)CCC(=O)O,20,0.5,170.34,0,0,0,4.9272,9,12,0,56.4385619,173.256,29.54,0,3,1.2814,6,12,0,121.6969429,194.23,35.53,0,3,2.0186,5,14,1,269.1209499,235.355,61.09,2,4,2.08138,4,13,0,260.9534945,2.968482949
100,13,*CCCCCCCCCCCC,*CC(*)C(=O)OCCN(CC)CC,*CC(*)(C)C(=O)OCCCCCC,*SC(=S)SC(C)(C#N)CCC(=O)O,2,2,170.34,0,0,0,4.9272,9,12,0,56.4385619,173.256,29.54,0,3,1.2814,6,12,0,121.6969429,172.268,26.3,0,2,2.7659,6,12,0,119.0069869,235.355,61.09,2,4,2.08138,4,13,0,260.9534945,3.113943352
100,14,*CCCCCCCCCCCC,*CC(*)C(=O)OCCN(CC)CC,*CC(*)(C)C(=O)OCCCCCC,*SC(=S)SC(C)(C#N)CCC(=O)O,2,1,170.34,0,0,0,4.9272,9,12,0,56.4385619,173.256,29.54,0,3,1.2814,6,12,0,121.6969429,172.268,26.3,0,2,2.7659,6,12,0,119.0069869,235.355,61.09,2,4,2.08138,4,13,0,260.9534945,3.3872118
100,15,*CCCCCCCCCCCC,*CC(*)C(=O)OCCN(CC)CC,*CC(*)(C)C(=O)OCCCCCC,*SC(=S)SC(C)(C#N)CCC(=O)O,2,0.5,170.34,0,0,0,4.9272,9,12,0,56.4385619,173.256,29.54,0,3,1.2814,6,12,0,121.6969429,172.268,26.3,0,2,2.7659,6,12,0,119.0069869,235.355,61.09,2,4,2.08138,4,13,0,260.9534945,3.682506086
100,16,*CCCCCCCCCCCC,*CC(*)C(=O)OCCN(CC)CC,*CC(*)(C)C(=O)OCCCCCC,*SC(=S)SC(C)(C#N)CCC(=O)O,5,2,170.34,0,0,0,4.9272,9,12,0,56.4385619,173.256,29.54,0,3,1.2814,6,12,0,121.6969429,172.268,26.3,0,2,2.7659,6,12,0,119.0069869,235.355,61.09,2,4,2.08138,4,13,0,260.9534945,2.593286067
100,17,*CCCCCCCCCCCC,*CC(*)C(=O)OCCN(CC)CC,*CC(*)(C)C(=O)OCCCCCC,*SC(=S)SC(C)(C#N)CCC(=O)O,5,1,170.34,0,0,0,4.9272,9,12,0,56.4385619,173.256,29.54,0,3,1.2814,6,12,0,121.6969429,172.268,26.3,0,2,2.7659,6,12,0,119.0069869,235.355,61.09,2,4,2.08138,4,13,0,260.9534945,2.857633985
100,18,*CCCCCCCCCCCC,*CC(*)C(=O)OCCN(CC)CC,*CC(*)(C)C(=O)OCCCCCC,*SC(=S)SC(C)(C#N)CCC(=O)O,5,0.5,170.34,0,0,0,4.9272,9,12,0,56.4385619,173.256,29.54,0,3,1.2814,6,12,0,121.6969429,172.268,26.3,0,2,2.7659,6,12,0,119.0069869,235.355,61.09,2,4,2.08138,4,13,0,260.9534945,3.245389271
100,19,*CCCCCCCCCCCC,*CC(*)C(=O)OCCN(CC)CC,*CC(*)(C)C(=O)OCCCCCC,*SC(=S)SC(C)(C#N)CCC(=O)O,10,2,170.34,0,0,0,4.9272,9,12,0,56.4385619,173.256,29.54,0,3,1.2814,6,12,0,121.6969429,172.268,26.3,0,2,2.7659,6,12,0,119.0069869,235.355,61.09,2,4,2.08138,4,13,0,260.9534945,2.739176632
100,20,*CCCCCCCCCCCC,*CC(*)C(=O)OCCN(CC)CC,*CC(*)(C)C(=O)OCCCCCC,*SC(=S)SC(C)(C#N)CCC(=O)O,10,1,170.34,0,0,0,4.9272,9,12,0,56.4385619,173.256,29.54,0,3,1.2814,6,12,0,121.6969429,172.268,26.3,0,2,2.7659,6,12,0,119.0069869,235.355,61.09,2,4,2.08138,4,13,0,260.9534945,3.244895334
100,21,*CCCCCCCCCCCC,*CC(*)C(=O)OCCN(CC)CC,*CC(*)(C)C(=O)OCCCCCC,*SC(=S)SC(C)(C#N)CCC(=O)O,10,0.5,170.34,0,0,0,4.9272,9,12,0,56.4385619,173.256,29.54,0,3,1.2814,6,12,0,121.6969429,172.268,26.3,0,2,2.7659,6,12,0,119.0069869,235.355,61.09,2,4,2.08138,4,13,0,260.9534945,3.210986974
100,22,*CCCCCCCCCCCC,*CC(*)C(=O)OCCN(CC)CC,*CC(*)(C)C(=O)OCCCCCC,*SC(=S)SC(C)(C#N)CCC(=O)O,20,2,170.34,0,0,0,4.9272,9,12,0,56.4385619,173.256,29.54,0,3,1.2814,6,12,0,121.6969429,172.268,26.3,0,2,2.7659,6,12,0,119.0069869,235.355,61.09,2,4,2.08138,4,13,0,260.9534945,2.914078585
100,23,*CCCCCCCCCCCC,*CC(*)C(=O)OCCN(CC)CC,*CC(*)(C)C(=O)OCCCCCC,*SC(=S)SC(C)(C#N)CCC(=O)O,20,1,170.34,0,0,0,4.9272,9,12,0,56.4385619,173.256,29.54,0,3,1.2814,6,12,0,121.6969429,172.268,26.3,0,2,2.7659,6,12,0,119.0069869,235.355,61.09,2,4,2.08138,4,13,0,260.9534945,2.971043792
100,24,*CCCCCCCCCCCC,*CC(*)C(=O)OCCN(CC)CC,*CC(*)(C)C(=O)OCCCCCC,*SC(=S)SC(C)(C#N)CCC(=O)O,20,0.5,170.34,0,0,0,4.9272,9,12,0,56.4385619,173.256,29.54,0,3,1.2814,6,12,0,121.6969429,172.268,26.3,0,2,2.7659,6,12,0,119.0069869,235.355,61.09,2,4,2.08138,4,13,0,260.9534945,2.979092901
100,25,*CCCCCCCCCCCC,*CC(*)C(=O)OCCN(CC)CC,*CC(*)C(=O)OCC(CC)CCCC,*SC(=S)SC(C)(C#N)CCC(=O)O,2,2,170.34,0,0,0,4.9272,9,12,0,56.4385619,173.256,29.54,0,3,1.2814,6,12,0,121.6969429,186.295,26.3,0,2,3.156,7,13,0,132.0519685,235.355,61.09,2,4,2.08138,4,13,0,260.9534945,2.386498966
100,26,*CCCCCCCCCCCC,*CC(*)C(=O)OCCN(CC)CC,*CC(*)C(=O)OCC(CC)CCCC,*SC(=S)SC(C)(C#N)CCC(=O)O,2,1,170.34,0,0,0,4.9272,9,12,0,56.4385619,173.256,29.54,0,3,1.2814,6,12,0,121.6969429,186.295,26.3,0,2,3.156,7,13,0,132.0519685,235.355,61.09,2,4,2.08138,4,13,0,260.9534945,2.530839779
100,27,*CCCCCCCCCCCC,*CC(*)C(=O)OCCN(CC)CC,*CC(*)C(=O)OCC(CC)CCCC,*SC(=S)SC(C)(C#N)CCC(=O)O,2,0.5,170.34,0,0,0,4.9272,9,12,0,56.4385619,173.256,29.54,0,3,1.2814,6,12,0,121.6969429,186.295,26.3,0,2,3.156,7,13,0,132.0519685,235.355,61.09,2,4,2.08138,4,13,0,260.9534945,2.871280973
100,28,*CCCCCCCCCCCC,*CC(*)C(=O)OCCN(CC)CC,*CC(*)C(=O)OCC(CC)CCCC,*SC(=S)SC(C)(C#N)CCC(=O)O,5,2,170.34,0,0,0,4.9272,9,12,0,56.4385619,173.256,29.54,0,3,1.2814,6,12,0,121.6969429,186.295,26.3,0,2,3.156,7,13,0,132.0519685,235.355,61.09,2,4,2.08138,4,13,0,260.9534945,2.130333768
100,29,*CCCCCCCCCCCC,*CC(*)C(=O)OCCN(CC)CC,*CC(*)C(=O)OCC(CC)CCCC,*SC(=S)SC(C)(C#N)CCC(=O)O,5,1,170.34,0,0,0,4.9272,9,12,0,56.4385619,173.256,29.54,0,3,1.2814,6,12,0,121.6969429,186.295,26.3,0,2,3.156,7,13,0,132.0519685,235.355,61.09,2,4,2.08138,4,13,0,260.9534945,2.907680024
100,30,*CCCCCCCCCCCC,*CC(*)C(=O)OCCN(CC)CC,*CC(*)C(=O)OCC(CC)CCCC,*SC(=S)SC(C)(C#N)CCC(=O)O,5,0.5,170.34,0,0,0,4.9272,9,12,0,56.4385619,173.256,29.54,0,3,1.2814,6,12,0,121.6969429,186.295,26.3,0,2,3.156,7,13,0,132.0519685,235.355,61.09,2,4,2.08138,4,13,0,260.9534945,4.440279213
100,31,*CCCCCCCCCCCC,*CC(*)C(=O)OCCN(CC)CC,*CC(*)C(=O)OCC(CC)CCCC,*SC(=S)SC(C)(C#N)CCC(=O)O,10,2,170.34,0,0,0,4.9272,9,12,0,56.4385619,173.256,29.54,0,3,1.2814,6,12,0,121.6969429,186.295,26.3,0,2,3.156,7,13,0,132.0519685,235.355,61.09,2,4,2.08138,4,13,0,260.9534945,2.491361694
100,32,*CCCCCCCCCCCC,*CC(*)C(=O)OCCN(CC)CC,*CC(*)C(=O)OCC(CC)CCCC,*SC(=S)SC(C)(C#N)CCC(=O)O,10,1,170.34,0,0,0,4.9272,9,12,0,56.4385619,173.256,29.54,0,3,1.2814,6,12,0,121.6969429,186.295,26.3,0,2,3.156,7,13,0,132.0519685,235.355,61.09,2,4,2.08138,4,13,0,260.9534945,3.539515192
100,33,*CCCCCCCCCCCC,*CC(*)C(=O)OCCN(CC)CC,*CC(*)C(=O)OCC(CC)CCCC,*SC(=S)SC(C)(C#N)CCC(=O)O,10,0.5,170.34,0,0,0,4.9272,9,12,0,56.4385619,173.256,29.54,0,3,1.2814,6,12,0,121.6969429,186.295,26.3,0,2,3.156,7,13,0,132.0519685,235.355,61.09,2,4,2.08138,4,13,0,260.9534945,2.955206538
100,34,*CCCCCCCCCCCC,*CC(*)C(=O)OCCN(CC)CC,*CC(*)C(=O)OCC(CC)CCCC,*SC(=S)SC(C)(C#N)CCC(=O)O,20,2,170.34,0,0,0,4.9272,9,12,0,56.4385619,173.256,29.54,0,3,1.2814,6,12,0,121.6969429,186.295,26.3,0,2,3.156,7,13,0,132.0519685,235.355,61.09,2,4,2.08138,4,13,0,260.9534945,2.644930708
100,35,*CCCCCCCCCCCC,*CC(*)C(=O)OCCN(CC)CC,*CC(*)C(=O)OCC(CC)CCCC,*SC(=S)SC(C)(C#N)CCC(=O)O,20,1,170.34,0,0,0,4.9272,9,12,0,56.4385619,173.256,29.54,0,3,1.2814,6,12,0,121.6969429,186.295,26.3,0,2,3.156,7,13,0,132.0519685,235.355,61.09,2,4,2.08138,4,13,0,260.9534945,3.068371418
100,36,*CCCCCCCCCCCC,*CC(*)C(=O)OCCN(CC)CC,*CC(*)C(=O)OCC(CC)CCCC,*SC(=S)SC(C)(C#N)CCC(=O)O,20,0.5,170.34,0,0,0,4.9272,9,12,0,56.4385619,173.256,29.54,0,3,1.2814,6,12,0,121.6969429,186.295,26.3,0,2,3.156,7,13,0,132.0519685,235.355,61.09,2,4,2.08138,4,13,0,260.9534945,2.374748346
100,37,*CCCCCCCCCCCC,*CC(*)(C)C(=O)OCCN(C)C,*CC(*)C(=O)OCCOc1ccccc1,*SC(=S)SC(C)(C#N)CCC(=O)O,2,2,170.34,0,0,0,4.9272,9,12,0,56.4385619,159.229,29.54,0,3,0.7472,4,11,0,121.2604657,194.23,35.53,0,3,2.0186,5,14,1,269.1209499,235.355,61.09,2,4,2.08138,4,13,0,260.9534945,2.770852012
100,38,*CCCCCCCCCCCC,*CC(*)(C)C(=O)OCCN(C)C,*CC(*)C(=O)OCCOc1ccccc1,*SC(=S)SC(C)(C#N)CCC(=O)O,2,1,170.34,0,0,0,4.9272,9,12,0,56.4385619,159.229,29.54,0,3,0.7472,4,11,0,121.2604657,194.23,35.53,0,3,2.0186,5,14,1,269.1209499,235.355,61.09,2,4,2.08138,4,13,0,260.9534945,2.440909082
100,39,*CCCCCCCCCCCC,*CC(*)(C)C(=O)OCCN(C)C,*CC(*)C(=O)OCCOc1ccccc1,*SC(=S)SC(C)(C#N)CCC(=O)O,2,0.5,170.34,0,0,0,4.9272,9,12,0,56.4385619,159.229,29.54,0,3,0.7472,4,11,0,121.2604657,194.23,35.53,0,3,2.0186,5,14,1,269.1209499,235.355,61.09,2,4,2.08138,4,13,0,260.9534945,2.268343914
100,40,*CCCCCCCCCCCC,*CC(*)(C)C(=O)OCCN(C)C,*CC(*)C(=O)OCCOc1ccccc1,*SC(=S)SC(C)(C#N)CCC(=O)O,5,2,170.34,0,0,0,4.9272,9,12,0,56.4385619,159.229,29.54,0,3,0.7472,4,11,0,121.2604657,194.23,35.53,0,3,2.0186,5,14,1,269.1209499,235.355,61.09,2,4,2.08138,4,13,0,260.9534945,2.522444234
100,41,*CCCCCCCCCCCC,*CC(*)(C)C(=O)OCCN(C)C,*CC(*)C(=O)OCCOc1ccccc1,*SC(=S)SC(C)(C#N)CCC(=O)O,5,1,170.34,0,0,0,4.9272,9,12,0,56.4385619,159.229,29.54,0,3,0.7472,4,11,0,121.2604657,194.23,35.53,0,3,2.0186,5,14,1,269.1209499,235.355,61.09,2,4,2.08138,4,13,0,260.9534945,2.936764998
100,42,*CCCCCCCCCCCC,*CC(*)(C)C(=O)OCCN(C)C,*CC(*)C(=O)OCCOc1ccccc1,*SC(=S)SC(C)(C#N)CCC(=O)O,5,0.5,170.34,0,0,0,4.9272,9,12,0,56.4385619,159.229,29.54,0,3,0.7472,4,11,0,121.2604657,194.23,35.53,0,3,2.0186,5,14,1,269.1209499,235.355,61.09,2,4,2.08138,4,13,0,260.9534945,5.381960274
100,43,*CCCCCCCCCCCC,*CC(*)(C)C(=O)OCCN(C)C,*CC(*)C(=O)OCCOc1ccccc1,*SC(=S)SC(C)(C#N)CCC(=O)O,10,2,170.34,0,0,0,4.9272,9,12,0,56.4385619,159.229,29.54,0,3,0.7472,4,11,0,121.2604657,194.23,35.53,0,3,2.0186,5,14,1,269.1209499,235.355,61.09,2,4,2.08138,4,13,0,260.9534945,3.410439786
100,44,*CCCCCCCCCCCC,*CC(*)(C)C(=O)OCCN(C)C,*CC(*)C(=O)OCCOc1ccccc1,*SC(=S)SC(C)(C#N)CCC(=O)O,10,1,170.34,0,0,0,4.9272,9,12,0,56.4385619,159.229,29.54,0,3,0.7472,4,11,0,121.2604657,194.23,35.53,0,3,2.0186,5,14,1,269.1209499,235.355,61.09,2,4,2.08138,4,13,0,260.9534945,3.72607487
100,45,*CCCCCCCCCCCC,*CC(*)(C)C(=O)OCCN(C)C,*CC(*)C(=O)OCCOc1ccccc1,*SC(=S)SC(C)(C#N)CCC(=O)O,10,0.5,170.34,0,0,0,4.9272,9,12,0,56.4385619,159.229,29.54,0,3,0.7472,4,11,0,121.2604657,194.23,35.53,0,3,2.0186,5,14,1,269.1209499,235.355,61.09,2,4,2.08138,4,13,0,260.9534945,5.321048224
100,46,*CCCCCCCCCCCC,*CC(*)(C)C(=O)OCCN(C)C,*CC(*)C(=O)OCCOc1ccccc1,*SC(=S)SC(C)(C#N)CCC(=O)O,20,2,170.34,0,0,0,4.9272,9,12,0,56.4385619,159.229,29.54,0,3,0.7472,4,11,0,121.2604657,194.23,35.53,0,3,2.0186,5,14,1,269.1209499,235.355,61.09,2,4,2.08138,4,13,0,260.9534945,3.551327988
100,47,*CCCCCCCCCCCC,*CC(*)(C)C(=O)OCCN(C)C,*CC(*)C(=O)OCCOc1ccccc1,*SC(=S)SC(C)(C#N)CCC(=O)O,20,1,170.34,0,0,0,4.9272,9,12,0,56.4385619,159.229,29.54,0,3,0.7472,4,11,0,121.2604657,194.23,35.53,0,3,2.0186,5,14,1,269.1209499,235.355,61.09,2,4,2.08138,4,13,0,260.9534945,4.553336782
100,48,*CCCCCCCCCCCC,*CC(*)(C)C(=O)OCCN(C)C,*CC(*)C(=O)OCCOc1ccccc1,*SC(=S)SC(C)(C#N)CCC(=O)O,20,0.5,170.34,0,0,0,4.9272,9,12,0,56.4385619,159.229,29.54,0,3,0.7472,4,11,0,121.2604657,194.23,35.53,0,3,2.0186,5,14,1,269.1209499,235.355,61.09,2,4,2.08138,4,13,0,260.9534945,4.477425155
100,49,*CCCCCCCCCCCC,*CC(*)(C)C(=O)OCCN(C)C,*CC(*)(C)C(=O)OCCCCCC,*SC(=S)SC(C)(C#N)CCC(=O)O,2,2,170.34,0,0,0,4.9272,9,12,0,56.4385619,159.229,29.54,0,3,0.7472,4,11,0,121.2604657,172.268,26.3,0,2,2.7659,6,12,0,119.0069869,235.355,61.09,2,4,2.08138,4,13,0,260.9534945,2.598243192
100,50,*CCCCCCCCCCCC,*CC(*)(C)C(=O)OCCN(C)C,*CC(*)(C)C(=O)OCCCCCC,*SC(=S)SC(C)(C#N)CCC(=O)O,2,1,170.34,0,0,0,4.9272,9,12,0,56.4385619,159.229,29.54,0,3,0.7472,4,11,0,121.2604657,172.268,26.3,0,2,2.7659,6,12,0,119.0069869,235.355,61.09,2,4,2.08138,4,13,0,260.9534945,2.181843588
100,51,*CCCCCCCCCCCC,*CC(*)(C)C(=O)OCCN(C)C,*CC(*)(C)C(=O)OCCCCCC,*SC(=S)SC(C)(C#N)CCC(=O)O,2,0.5,170.34,0,0,0,4.9272,9,12,0,56.4385619,159.229,29.54,0,3,0.7472,4,11,0,121.2604657,172.268,26.3,0,2,2.7659,6,12,0,119.0069869,235.355,61.09,2,4,2.08138,4,13,0,260.9534945,2.328379603
100,52,*CCCCCCCCCCCC,*CC(*)(C)C(=O)OCCN(C)C,*CC(*)(C)C(=O)OCCCCCC,*SC(=S)SC(C)(C#N)CCC(=O)O,5,2,170.34,0,0,0,4.9272,9,12,0,56.4385619,159.229,29.54,0,3,0.7472,4,11,0,121.2604657,172.268,26.3,0,2,2.7659,6,12,0,119.0069869,235.355,61.09,2,4,2.08138,4,13,0,260.9534945,3.414973348
100,53,*CCCCCCCCCCCC,*CC(*)(C)C(=O)OCCN(C)C,*CC(*)(C)C(=O)OCCCCCC,*SC(=S)SC(C)(C#N)CCC(=O)O,5,1,170.34,0,0,0,4.9272,9,12,0,56.4385619,159.229,29.54,0,3,0.7472,4,11,0,121.2604657,172.268,26.3,0,2,2.7659,6,12,0,119.0069869,235.355,61.09,2,4,2.08138,4,13,0,260.9534945,5.129494931
100,54,*CCCCCCCCCCCC,*CC(*)(C)C(=O)OCCN(C)C,*CC(*)(C)C(=O)OCCCCCC,*SC(=S)SC(C)(C#N)CCC(=O)O,5,0.5,170.34,0,0,0,4.9272,9,12,0,56.4385619,159.229,29.54,0,3,0.7472,4,11,0,121.2604657,172.268,26.3,0,2,2.7659,6,12,0,119.0069869,235.355,61.09,2,4,2.08138,4,13,0,260.9534945,3.525498311
100,55,*CCCCCCCCCCCC,*CC(*)(C)C(=O)OCCN(C)C,*CC(*)(C)C(=O)OCCCCCC,*SC(=S)SC(C)(C#N)CCC(=O)O,10,2,170.34,0,0,0,4.9272,9,12,0,56.4385619,159.229,29.54,0,3,0.7472,4,11,0,121.2604657,172.268,26.3,0,2,2.7659,6,12,0,119.0069869,235.355,61.09,2,4,2.08138,4,13,0,260.9534945,4.168512215
100,56,*CCCCCCCCCCCC,*CC(*)(C)C(=O)OCCN(C)C,*CC(*)(C)C(=O)OCCCCCC,*SC(=S)SC(C)(C#N)CCC(=O)O,10,1,170.34,0,0,0,4.9272,9,12,0,56.4385619,159.229,29.54,0,3,0.7472,4,11,0,121.2604657,172.268,26.3,0,2,2.7659,6,12,0,119.0069869,235.355,61.09,2,4,2.08138,4,13,0,260.9534945,3.212187604
100,57,*CCCCCCCCCCCC,*CC(*)(C)C(=O)OCCN(C)C,*CC(*)(C)C(=O)OCCCCCC,*SC(=S)SC(C)(C#N)CCC(=O)O,10,0.5,170.34,0,0,0,4.9272,9,12,0,56.4385619,159.229,29.54,0,3,0.7472,4,11,0,121.2604657,172.268,26.3,0,2,2.7659,6,12,0,119.0069869,235.355,61.09,2,4,2.08138,4,13,0,260.9534945,3.889161585
100,58,*CCCCCCCCCCCC,*CC(*)(C)C(=O)OCCN(C)C,*CC(*)(C)C(=O)OCCCCCC,*SC(=S)SC(C)(C#N)CCC(=O)O,20,2,170.34,0,0,0,4.9272,9,12,0,56.4385619,159.229,29.54,0,3,0.7472,4,11,0,121.2604657,172.268,26.3,0,2,2.7659,6,12,0,119.0069869,235.355,61.09,2,4,2.08138,4,13,0,260.9534945,4.008131562
100,59,*CCCCCCCCCCCC,*CC(*)(C)C(=O)OCCN(C)C,*CC(*)(C)C(=O)OCCCCCC,*SC(=S)SC(C)(C#N)CCC(=O)O,20,1,170.34,0,0,0,4.9272,9,12,0,56.4385619,159.229,29.54,0,3,0.7472,4,11,0,121.2604657,172.268,26.3,0,2,2.7659,6,12,0,119.0069869,235.355,61.09,2,4,2.08138,4,13,0,260.9534945,4.018929233
100,60,*CCCCCCCCCCCC,*CC(*)(C)C(=O)OCCN(C)C,*CC(*)(C)C(=O)OCCCCCC,*SC(=S)SC(C)(C#N)CCC(=O)O,20,0.5,170.34,0,0,0,4.9272,9,12,0,56.4385619,159.229,29.54,0,3,0.7472,4,11,0,121.2604657,172.268,26.3,0,2,2.7659,6,12,0,119.0069869,235.355,61.09,2,4,2.08138,4,13,0,260.9534945,3.707570176
100,61,*CCCCCCCCCCCC,*CC(*)(C)C(=O)OCCN(C)C,*CC(*)C(=O)OCC(CC)CCCC,*SC(=S)SC(C)(C#N)CCC(=O)O,2,2,170.34,0,0,0,4.9272,9,12,0,56.4385619,159.229,29.54,0,3,0.7472,4,11,0,121.2604657,186.295,26.3,0,2,3.156,7,13,0,132.0519685,235.355,61.09,2,4,2.08138,4,13,0,260.9534945,2.432167269
100,62,*CCCCCCCCCCCC,*CC(*)(C)C(=O)OCCN(C)C,*CC(*)C(=O)OCC(CC)CCCC,*SC(=S)SC(C)(C#N)CCC(=O)O,2,1,170.34,0,0,0,4.9272,9,12,0,56.4385619,159.229,29.54,0,3,0.7472,4,11,0,121.2604657,186.295,26.3,0,2,3.156,7,13,0,132.0519685,235.355,61.09,2,4,2.08138,4,13,0,260.9534945,2.506505032
100,63,*CCCCCCCCCCCC,*CC(*)(C)C(=O)OCCN(C)C,*CC(*)C(=O)OCC(CC)CCCC,*SC(=S)SC(C)(C#N)CCC(=O)O,2,0.5,170.34,0,0,0,4.9272,9,12,0,56.4385619,159.229,29.54,0,3,0.7472,4,11,0,121.2604657,186.295,26.3,0,2,3.156,7,13,0,132.0519685,235.355,61.09,2,4,2.08138,4,13,0,260.9534945,2.170261715
100,64,*CCCCCCCCCCCC,*CC(*)(C)C(=O)OCCN(C)C,*CC(*)C(=O)OCC(CC)CCCC,*SC(=S)SC(C)(C#N)CCC(=O)O,5,2,170.34,0,0,0,4.9272,9,12,0,56.4385619,159.229,29.54,0,3,0.7472,4,11,0,121.2604657,186.295,26.3,0,2,3.156,7,13,0,132.0519685,235.355,61.09,2,4,2.08138,4,13,0,260.9534945,2.854002233
100,65,*CCCCCCCCCCCC,*CC(*)(C)C(=O)OCCN(C)C,*CC(*)C(=O)OCC(CC)CCCC,*SC(=S)SC(C)(C#N)CCC(=O)O,5,1,170.34,0,0,0,4.9272,9,12,0,56.4385619,159.229,29.54,0,3,0.7472,4,11,0,121.2604657,186.295,26.3,0,2,3.156,7,13,0,132.0519685,235.355,61.09,2,4,2.08138,4,13,0,260.9534945,5.521708048
100,66,*CCCCCCCCCCCC,*CC(*)(C)C(=O)OCCN(C)C,*CC(*)C(=O)OCC(CC)CCCC,*SC(=S)SC(C)(C#N)CCC(=O)O,5,0.5,170.34,0,0,0,4.9272,9,12,0,56.4385619,159.229,29.54,0,3,0.7472,4,11,0,121.2604657,186.295,26.3,0,2,3.156,7,13,0,132.0519685,235.355,61.09,2,4,2.08138,4,13,0,260.9534945,4.647945037
100,67,*CCCCCCCCCCCC,*CC(*)(C)C(=O)OCCN(C)C,*CC(*)C(=O)OCC(CC)CCCC,*SC(=S)SC(C)(C#N)CCC(=O)O,10,2,170.34,0,0,0,4.9272,9,12,0,56.4385619,159.229,29.54,0,3,0.7472,4,11,0,121.2604657,186.295,26.3,0,2,3.156,7,13,0,132.0519685,235.355,61.09,2,4,2.08138,4,13,0,260.9534945,4.519099185
100,68,*CCCCCCCCCCCC,*CC(*)(C)C(=O)OCCN(C)C,*CC(*)C(=O)OCC(CC)CCCC,*SC(=S)SC(C)(C#N)CCC(=O)O,10,1,170.34,0,0,0,4.9272,9,12,0,56.4385619,159.229,29.54,0,3,0.7472,4,11,0,121.2604657,186.295,26.3,0,2,3.156,7,13,0,132.0519685,235.355,61.09,2,4,2.08138,4,13,0,260.9534945,4.845156976
100,69,*CCCCCCCCCCCC,*CC(*)(C)C(=O)OCCN(C)C,*CC(*)C(=O)OCC(CC)CCCC,*SC(=S)SC(C)(C#N)CCC(=O)O,10,0.5,170.34,0,0,0,4.9272,9,12,0,56.4385619,159.229,29.54,0,3,0.7472,4,11,0,121.2604657,186.295,26.3,0,2,3.156,7,13,0,132.0519685,235.355,61.09,2,4,2.08138,4,13,0,260.9534945,5.372940526
100,70,*CCCCCCCCCCCC,*CC(*)(C)C(=O)OCCN(C)C,*CC(*)C(=O)OCC(CC)CCCC,*SC(=S)SC(C)(C#N)CCC(=O)O,20,2,170.34,0,0,0,4.9272,9,12,0,56.4385619,159.229,29.54,0,3,0.7472,4,11,0,121.2604657,186.295,26.3,0,2,3.156,7,13,0,132.0519685,235.355,61.09,2,4,2.08138,4,13,0,260.9534945,5.097741325
100,71,*CCCCCCCCCCCC,*CC(*)(C)C(=O)OCCN(C)C,*CC(*)C(=O)OCC(CC)CCCC,*SC(=S)SC(C)(C#N)CCC(=O)O,20,1,170.34,0,0,0,4.9272,9,12,0,56.4385619,159.229,29.54,0,3,0.7472,4,11,0,121.2604657,186.295,26.3,0,2,3.156,7,13,0,132.0519685,235.355,61.09,2,4,2.08138,4,13,0,260.9534945,5.478274222
100,72,*CCCCCCCCCCCC,*CC(*)(C)C(=O)OCCN(C)C,*CC(*)C(=O)OCC(CC)CCCC,*SC(=S)SC(C)(C#N)CCC(=O)O,20,0.5,170.34,0,0,0,4.9272,9,12,0,56.4385619,159.229,29.54,0,3,0.7472,4,11,0,121.2604657,186.295,26.3,0,2,3.156,7,13,0,132.0519685,235.355,61.09,2,4,2.08138,4,13,0,260.9534945,4.840451134
100,73,*CCCCCCCCCCCC,*CC(*)C(=O)OCCN(C)C,*CC(*)C(=O)OCCOc1ccccc1,*SC(=S)SC(C)(C#N)CCC(=O)O,2,2,170.34,0,0,0,4.9272,9,12,0,56.4385619,145.202,29.54,0,3,0.5012,4,10,0,101.7792292,194.23,35.53,0,3,2.0186,5,14,1,269.1209499,235.355,61.09,2,4,2.08138,4,13,0,260.9534945,2.190331698
100,74,*CCCCCCCCCCCC,*CC(*)C(=O)OCCN(C)C,*CC(*)C(=O)OCCOc1ccccc1,*SC(=S)SC(C)(C#N)CCC(=O)O,2,1,170.34,0,0,0,4.9272,9,12,0,56.4385619,145.202,29.54,0,3,0.5012,4,10,0,101.7792292,194.23,35.53,0,3,2.0186,5,14,1,269.1209499,235.355,61.09,2,4,2.08138,4,13,0,260.9534945,2.165837625
100,75,*CCCCCCCCCCCC,*CC(*)C(=O)OCCN(C)C,*CC(*)C(=O)OCCOc1ccccc1,*SC(=S)SC(C)(C#N)CCC(=O)O,2,0.5,170.34,0,0,0,4.9272,9,12,0,56.4385619,145.202,29.54,0,3,0.5012,4,10,0,101.7792292,194.23,35.53,0,3,2.0186,5,14,1,269.1209499,235.355,61.09,2,4,2.08138,4,13,0,260.9534945,3.759705608
100,76,*CCCCCCCCCCCC,*CC(*)C(=O)OCCN(C)C,*CC(*)C(=O)OCCOc1ccccc1,*SC(=S)SC(C)(C#N)CCC(=O)O,5,2,170.34,0,0,0,4.9272,9,12,0,56.4385619,145.202,29.54,0,3,0.5012,4,10,0,101.7792292,194.23,35.53,0,3,2.0186,5,14,1,269.1209499,235.355,61.09,2,4,2.08138,4,13,0,260.9534945,2.592731766
100,77,*CCCCCCCCCCCC,*CC(*)C(=O)OCCN(C)C,*CC(*)C(=O)OCCOc1ccccc1,*SC(=S)SC(C)(C#N)CCC(=O)O,5,1,170.34,0,0,0,4.9272,9,12,0,56.4385619,145.202,29.54,0,3,0.5012,4,10,0,101.7792292,194.23,35.53,0,3,2.0186,5,14,1,269.1209499,235.355,61.09,2,4,2.08138,4,13,0,260.9534945,4.593817531
100,78,*CCCCCCCCCCCC,*CC(*)C(=O)OCCN(C)C,*CC(*)C(=O)OCCOc1ccccc1,*SC(=S)SC(C)(C#N)CCC(=O)O,5,0.5,170.34,0,0,0,4.9272,9,12,0,56.4385619,145.202,29.54,0,3,0.5012,4,10,0,101.7792292,194.23,35.53,0,3,2.0186,5,14,1,269.1209499,235.355,61.09,2,4,2.08138,4,13,0,260.9534945,5.211574363
100,79,*CCCCCCCCCCCC,*CC(*)C(=O)OCCN(C)C,*CC(*)C(=O)OCCOc1ccccc1,*SC(=S)SC(C)(C#N)CCC(=O)O,10,2,170.34,0,0,0,4.9272,9,12,0,56.4385619,145.202,29.54,0,3,0.5012,4,10,0,101.7792292,194.23,35.53,0,3,2.0186,5,14,1,269.1209499,235.355,61.09,2,4,2.08138,4,13,0,260.9534945,3.025715384
100,80,*CCCCCCCCCCCC,*CC(*)C(=O)OCCN(C)C,*CC(*)C(=O)OCCOc1ccccc1,*SC(=S)SC(C)(C#N)CCC(=O)O,10,1,170.34,0,0,0,4.9272,9,12,0,56.4385619,145.202,29.54,0,3,0.5012,4,10,0,101.7792292,194.23,35.53,0,3,2.0186,5,14,1,269.1209499,235.355,61.09,2,4,2.08138,4,13,0,260.9534945,3.454387467
100,81,*CCCCCCCCCCCC,*CC(*)C(=O)OCCN(C)C,*CC(*)C(=O)OCCOc1ccccc1,*SC(=S)SC(C)(C#N)CCC(=O)O,10,0.5,170.34,0,0,0,4.9272,9,12,0,56.4385619,145.202,29.54,0,3,0.5012,4,10,0,101.7792292,194.23,35.53,0,3,2.0186,5,14,1,269.1209499,235.355,61.09,2,4,2.08138,4,13,0,260.9534945,5.185459991
100,82,*CCCCCCCCCCCC,*CC(*)C(=O)OCCN(C)C,*CC(*)C(=O)OCCOc1ccccc1,*SC(=S)SC(C)(C#N)CCC(=O)O,20,2,170.34,0,0,0,4.9272,9,12,0,56.4385619,145.202,29.54,0,3,0.5012,4,10,0,101.7792292,194.23,35.53,0,3,2.0186,5,14,1,269.1209499,235.355,61.09,2,4,2.08138,4,13,0,260.9534945,2.983400738
100,83,*CCCCCCCCCCCC,*CC(*)C(=O)OCCN(C)C,*CC(*)C(=O)OCCOc1ccccc1,*SC(=S)SC(C)(C#N)CCC(=O)O,20,1,170.34,0,0,0,4.9272,9,12,0,56.4385619,145.202,29.54,0,3,0.5012,4,10,0,101.7792292,194.23,35.53,0,3,2.0186,5,14,1,269.1209499,235.355,61.09,2,4,2.08138,4,13,0,260.9534945,4.410684462
100,84,*CCCCCCCCCCCC,*CC(*)C(=O)OCCN(C)C,*CC(*)C(=O)OCCOc1ccccc1,*SC(=S)SC(C)(C#N)CCC(=O)O,20,0.5,170.34,0,0,0,4.9272,9,12,0,56.4385619,145.202,29.54,0,3,0.5012,4,10,0,101.7792292,194.23,35.53,0,3,2.0186,5,14,1,269.1209499,235.355,61.09,2,4,2.08138,4,13,0,260.9534945,5.419623708
100,85,*CCCCCCCCCCCC,*CC(*)C(=O)OCCN(C)C,*CC(*)(C)C(=O)OCCCCCC,*SC(=S)SC(C)(C#N)CCC(=O)O,2,2,170.34,0,0,0,4.9272,9,12,0,56.4385619,145.202,29.54,0,3,0.5012,4,10,0,101.7792292,172.268,26.3,0,2,2.7659,6,12,0,119.0069869,235.355,61.09,2,4,2.08138,4,13,0,260.9534945,2.939269586
100,86,*CCCCCCCCCCCC,*CC(*)C(=O)OCCN(C)C,*CC(*)(C)C(=O)OCCCCCC,*SC(=S)SC(C)(C#N)CCC(=O)O,2,1,170.34,0,0,0,4.9272,9,12,0,56.4385619,145.202,29.54,0,3,0.5012,4,10,0,101.7792292,172.268,26.3,0,2,2.7659,6,12,0,119.0069869,235.355,61.09,2,4,2.08138,4,13,0,260.9534945,4.007641111
100,87,*CCCCCCCCCCCC,*CC(*)C(=O)OCCN(C)C,*CC(*)(C)C(=O)OCCCCCC,*SC(=S)SC(C)(C#N)CCC(=O)O,2,0.5,170.34,0,0,0,4.9272,9,12,0,56.4385619,145.202,29.54,0,3,0.5012,4,10,0,101.7792292,172.268,26.3,0,2,2.7659,6,12,0,119.0069869,235.355,61.09,2,4,2.08138,4,13,0,260.9534945,4.271458236
100,88,*CCCCCCCCCCCC,*CC(*)C(=O)OCCN(C)C,*CC(*)(C)C(=O)OCCCCCC,*SC(=S)SC(C)(C#N)CCC(=O)O,5,2,170.34,0,0,0,4.9272,9,12,0,56.4385619,145.202,29.54,0,3,0.5012,4,10,0,101.7792292,172.268,26.3,0,2,2.7659,6,12,0,119.0069869,235.355,61.09,2,4,2.08138,4,13,0,260.9534945,2.739572344
100,89,*CCCCCCCCCCCC,*CC(*)C(=O)OCCN(C)C,*CC(*)(C)C(=O)OCCCCCC,*SC(=S)SC(C)(C#N)CCC(=O)O,5,1,170.34,0,0,0,4.9272,9,12,0,56.4385619,145.202,29.54,0,3,0.5012,4,10,0,101.7792292,172.268,26.3,0,2,2.7659,6,12,0,119.0069869,235.355,61.09,2,4,2.08138,4,13,0,260.9534945,4.464064583
100,90,*CCCCCCCCCCCC,*CC(*)C(=O)OCCN(C)C,*CC(*)(C)C(=O)OCCCCCC,*SC(=S)SC(C)(C#N)CCC(=O)O,5,0.5,170.34,0,0,0,4.9272,9,12,0,56.4385619,145.202,29.54,0,3,0.5012,4,10,0,101.7792292,172.268,26.3,0,2,2.7659,6,12,0,119.0069869,235.355,61.09,2,4,2.08138,4,13,0,260.9534945,4.483565903
100,91,*CCCCCCCCCCCC,*CC(*)C(=O)OCCN(C)C,*CC(*)(C)C(=O)OCCCCCC,*SC(=S)SC(C)(C#N)CCC(=O)O,10,2,170.34,0,0,0,4.9272,9,12,0,56.4385619,145.202,29.54,0,3,0.5012,4,10,0,101.7792292,172.268,26.3,0,2,2.7659,6,12,0,119.0069869,235.355,61.09,2,4,2.08138,4,13,0,260.9534945,3.378942699
100,92,*CCCCCCCCCCCC,*CC(*)C(=O)OCCN(C)C,*CC(*)(C)C(=O)OCCCCCC,*SC(=S)SC(C)(C#N)CCC(=O)O,10,1,170.34,0,0,0,4.9272,9,12,0,56.4385619,145.202,29.54,0,3,0.5012,4,10,0,101.7792292,172.268,26.3,0,2,2.7659,6,12,0,119.0069869,235.355,61.09,2,4,2.08138,4,13,0,260.9534945,5.159840797
100,93,*CCCCCCCCCCCC,*CC(*)C(=O)OCCN(C)C,*CC(*)(C)C(=O)OCCCCCC,*SC(=S)SC(C)(C#N)CCC(=O)O,10,0.5,170.34,0,0,0,4.9272,9,12,0,56.4385619,145.202,29.54,0,3,0.5012,4,10,0,101.7792292,172.268,26.3,0,2,2.7659,6,12,0,119.0069869,235.355,61.09,2,4,2.08138,4,13,0,260.9534945,5.18433789
100,94,*CCCCCCCCCCCC,*CC(*)C(=O)OCCN(C)C,*CC(*)(C)C(=O)OCCCCCC,*SC(=S)SC(C)(C#N)CCC(=O)O,20,2,170.34,0,0,0,4.9272,9,12,0,56.4385619,145.202,29.54,0,3,0.5012,4,10,0,101.7792292,172.268,26.3,0,2,2.7659,6,12,0,119.0069869,235.355,61.09,2,4,2.08138,4,13,0,260.9534945,3.642563437
100,95,*CCCCCCCCCCCC,*CC(*)C(=O)OCCN(C)C,*CC(*)(C)C(=O)OCCCCCC,*SC(=S)SC(C)(C#N)CCC(=O)O,20,1,170.34,0,0,0,4.9272,9,12,0,56.4385619,145.202,29.54,0,3,0.5012,4,10,0,101.7792292,172.268,26.3,0,2,2.7659,6,12,0,119.0069869,235.355,61.09,2,4,2.08138,4,13,0,260.9534945,4.717050234
100,96,*CCCCCCCCCCCC,*CC(*)C(=O)OCCN(C)C,*CC(*)(C)C(=O)OCCCCCC,*SC(=S)SC(C)(C#N)CCC(=O)O,20,0.5,170.34,0,0,0,4.9272,9,12,0,56.4385619,145.202,29.54,0,3,0.5012,4,10,0,101.7792292,172.268,26.3,0,2,2.7659,6,12,0,119.0069869,235.355,61.09,2,4,2.08138,4,13,0,260.9534945,4.411729107
100,97,*CCCCCCCCCCCC,*CC(*)C(=O)OCCN(C)C,*CC(*)C(=O)OCC(CC)CCCC,*SC(=S)SC(C)(C#N)CCC(=O)O,2,2,170.34,0,0,0,4.9272,9,12,0,56.4385619,145.202,29.54,0,3,0.5012,4,10,0,101.7792292,186.295,26.3,0,2,3.156,7,13,0,132.0519685,235.355,61.09,2,4,2.08138,4,13,0,260.9534945,2.375663614
100,98,*CCCCCCCCCCCC,*CC(*)C(=O)OCCN(C)C,*CC(*)C(=O)OCC(CC)CCCC,*SC(=S)SC(C)(C#N)CCC(=O)O,2,1,170.34,0,0,0,4.9272,9,12,0,56.4385619,145.202,29.54,0,3,0.5012,4,10,0,101.7792292,186.295,26.3,0,2,3.156,7,13,0,132.0519685,235.355,61.09,2,4,2.08138,4,13,0,260.9534945,3.753659647
100,99,*CCCCCCCCCCCC,*CC(*)C(=O)OCCN(C)C,*CC(*)C(=O)OCC(CC)CCCC,*SC(=S)SC(C)(C#N)CCC(=O)O,2,0.5,170.34,0,0,0,4.9272,9,12,0,56.4385619,145.202,29.54,0,3,0.5012,4,10,0,101.7792292,186.295,26.3,0,2,3.156,7,13,0,132.0519685,235.355,61.09,2,4,2.08138,4,13,0,260.9534945,4.49556515
100,100,*CCCCCCCCCCCC,*CC(*)C(=O)OCCN(C)C,*CC(*)C(=O)OCC(CC)CCCC,*SC(=S)SC(C)(C#N)CCC(=O)O,5,2,170.34,0,0,0,4.9272,9,12,0,56.4385619,145.202,29.54,0,3,0.5012,4,10,0,101.7792292,186.295,26.3,0,2,3.156,7,13,0,132.0519685,235.355,61.09,2,4,2.08138,4,13,0,260.9534945,2.72427587
100,101,*CCCCCCCCCCCC,*CC(*)C(=O)OCCN(C)C,*CC(*)C(=O)OCC(CC)CCCC,*SC(=S)SC(C)(C#N)CCC(=O)O,5,1,170.34,0,0,0,4.9272,9,12,0,56.4385619,145.202,29.54,0,3,0.5012,4,10,0,101.7792292,186.295,26.3,0,2,3.156,7,13,0,132.0519685,235.355,61.09,2,4,2.08138,4,13,0,260.9534945,3.975982944
100,102,*CCCCCCCCCCCC,*CC(*)C(=O)OCCN(C)C,*CC(*)C(=O)OCC(CC)CCCC,*SC(=S)SC(C)(C#N)CCC(=O)O,5,0.5,170.34,0,0,0,4.9272,9,12,0,56.4385619,145.202,29.54,0,3,0.5012,4,10,0,101.7792292,186.295,26.3,0,2,3.156,7,13,0,132.0519685,235.355,61.09,2,4,2.08138,4,13,0,260.9534945,4.344117068
100,103,*CCCCCCCCCCCC,*CC(*)C(=O)OCCN(C)C,*CC(*)C(=O)OCC(CC)CCCC,*SC(=S)SC(C)(C#N)CCC(=O)O,10,2,170.34,0,0,0,4.9272,9,12,0,56.4385619,145.202,29.54,0,3,0.5012,4,10,0,101.7792292,186.295,26.3,0,2,3.156,7,13,0,132.0519685,235.355,61.09,2,4,2.08138,4,13,0,260.9534945,4.067256889
100,104,*CCCCCCCCCCCC,*CC(*)C(=O)OCCN(C)C,*CC(*)C(=O)OCC(CC)CCCC,*SC(=S)SC(C)(C#N)CCC(=O)O,10,1,170.34,0,0,0,4.9272,9,12,0,56.4385619,145.202,29.54,0,3,0.5012,4,10,0,101.7792292,186.295,26.3,0,2,3.156,7,13,0,132.0519685,235.355,61.09,2,4,2.08138,4,13,0,260.9534945,5.666534828
100,105,*CCCCCCCCCCCC,*CC(*)C(=O)OCCN(C)C,*CC(*)C(=O)OCC(CC)CCCC,*SC(=S)SC(C)(C#N)CCC(=O)O,10,0.5,170.34,0,0,0,4.9272,9,12,0,56.4385619,145.202,29.54,0,3,0.5012,4,10,0,101.7792292,186.295,26.3,0,2,3.156,7,13,0,132.0519685,235.355,61.09,2,4,2.08138,4,13,0,260.9534945,4.910669753
100,106,*CCCCCCCCCCCC,*CC(*)C(=O)OCCN(C)C,*CC(*)C(=O)OCC(CC)CCCC,*SC(=S)SC(C)(C#N)CCC(=O)O,20,2,170.34,0,0,0,4.9272,9,12,0,56.4385619,145.202,29.54,0,3,0.5012,4,10,0,101.7792292,186.295,26.3,0,2,3.156,7,13,0,132.0519685,235.355,61.09,2,4,2.08138,4,13,0,260.9534945,4.25891252
100,107,*CCCCCCCCCCCC,*CC(*)C(=O)OCCN(C)C,*CC(*)C(=O)OCC(CC)CCCC,*SC(=S)SC(C)(C#N)CCC(=O)O,20,1,170.34,0,0,0,4.9272,9,12,0,56.4385619,145.202,29.54,0,3,0.5012,4,10,0,101.7792292,186.295,26.3,0,2,3.156,7,13,0,132.0519685,235.355,61.09,2,4,2.08138,4,13,0,260.9534945,5.330666362
100,108,*CCCCCCCCCCCC,*CC(*)C(=O)OCCN(C)C,*CC(*)C(=O)OCC(CC)CCCC,*SC(=S)SC(C)(C#N)CCC(=O)O,20,0.5,170.34,0,0,0,4.9272,9,12,0,56.4385619,145.202,29.54,0,3,0.5012,4,10,0,101.7792292,186.295,26.3,0,2,3.156,7,13,0,132.0519685,235.355,61.09,2,4,2.08138,4,13,0,260.9534945,4.546382241
100,109,*CCCCCCCCCCCC,*CC(*)(C)C(=O)OCCN1CCCCC1,*CC(*)C(=O)OCCOc1ccccc1,*SC(=S)SC(C)(C#N)CCC(=O)O,2,2,170.34,0,0,0,4.9272,9,12,0,56.4385619,199.294,29.54,0,3,1.6715,4,14,1,174.1263449,194.23,35.53,0,3,2.0186,5,14,1,269.1209499,235.355,61.09,2,4,2.08138,4,13,0,260.9534945,3.035629828
100,110,*CCCCCCCCCCCC,*CC(*)(C)C(=O)OCCN1CCCCC1,*CC(*)C(=O)OCCOc1ccccc1,*SC(=S)SC(C)(C#N)CCC(=O)O,2,1,170.34,0,0,0,4.9272,9,12,0,56.4385619,199.294,29.54,0,3,1.6715,4,14,1,174.1263449,194.23,35.53,0,3,2.0186,5,14,1,269.1209499,235.355,61.09,2,4,2.08138,4,13,0,260.9534945,2.358886204
100,111,*CCCCCCCCCCCC,*CC(*)(C)C(=O)OCCN1CCCCC1,*CC(*)C(=O)OCCOc1ccccc1,*SC(=S)SC(C)(C#N)CCC(=O)O,2,0.5,170.34,0,0,0,4.9272,9,12,0,56.4385619,199.294,29.54,0,3,1.6715,4,14,1,174.1263449,194.23,35.53,0,3,2.0186,5,14,1,269.1209499,235.355,61.09,2,4,2.08138,4,13,0,260.9534945,2.602059991
100,112,*CCCCCCCCCCCC,*CC(*)(C)C(=O)OCCN1CCCCC1,*CC(*)C(=O)OCCOc1ccccc1,*SC(=S)SC(C)(C#N)CCC(=O)O,5,2,170.34,0,0,0,4.9272,9,12,0,56.4385619,199.294,29.54,0,3,1.6715,4,14,1,174.1263449,194.23,35.53,0,3,2.0186,5,14,1,269.1209499,235.355,61.09,2,4,2.08138,4,13,0,260.9534945,2.664641976
100,113,*CCCCCCCCCCCC,*CC(*)(C)C(=O)OCCN1CCCCC1,*CC(*)C(=O)OCCOc1ccccc1,*SC(=S)SC(C)(C#N)CCC(=O)O,5,1,170.34,0,0,0,4.9272,9,12,0,56.4385619,199.294,29.54,0,3,1.6715,4,14,1,174.1263449,194.23,35.53,0,3,2.0186,5,14,1,269.1209499,235.355,61.09,2,4,2.08138,4,13,0,260.9534945,3.216825423
100,114,*CCCCCCCCCCCC,*CC(*)(C)C(=O)OCCN1CCCCC1,*CC(*)C(=O)OCCOc1ccccc1,*SC(=S)SC(C)(C#N)CCC(=O)O,5,0.5,170.34,0,0,0,4.9272,9,12,0,56.4385619,199.294,29.54,0,3,1.6715,4,14,1,174.1263449,194.23,35.53,0,3,2.0186,5,14,1,269.1209499,235.355,61.09,2,4,2.08138,4,13,0,260.9534945,2.746244872
100,115,*CCCCCCCCCCCC,*CC(*)(C)C(=O)OCCN1CCCCC1,*CC(*)C(=O)OCCOc1ccccc1,*SC(=S)SC(C)(C#N)CCC(=O)O,10,2,170.34,0,0,0,4.9272,9,12,0,56.4385619,199.294,29.54,0,3,1.6715,4,14,1,174.1263449,194.23,35.53,0,3,2.0186,5,14,1,269.1209499,235.355,61.09,2,4,2.08138,4,13,0,260.9534945,2.463146137
100,116,*CCCCCCCCCCCC,*CC(*)(C)C(=O)OCCN1CCCCC1,*CC(*)C(=O)OCCOc1ccccc1,*SC(=S)SC(C)(C#N)CCC(=O)O,10,1,170.34,0,0,0,4.9272,9,12,0,56.4385619,199.294,29.54,0,3,1.6715,4,14,1,174.1263449,194.23,35.53,0,3,2.0186,5,14,1,269.1209499,235.355,61.09,2,4,2.08138,4,13,0,260.9534945,3.552181339
100,117,*CCCCCCCCCCCC,*CC(*)(C)C(=O)OCCN1CCCCC1,*CC(*)C(=O)OCCOc1ccccc1,*SC(=S)SC(C)(C#N)CCC(=O)O,10,0.5,170.34,0,0,0,4.9272,9,12,0,56.4385619,199.294,29.54,0,3,1.6715,4,14,1,174.1263449,194.23,35.53,0,3,2.0186,5,14,1,269.1209499,235.355,61.09,2,4,2.08138,4,13,0,260.9534945,3.309417226
100,118,*CCCCCCCCCCCC,*CC(*)(C)C(=O)OCCN1CCCCC1,*CC(*)C(=O)OCCOc1ccccc1,*SC(=S)SC(C)(C#N)CCC(=O)O,20,2,170.34,0,0,0,4.9272,9,12,0,56.4385619,199.294,29.54,0,3,1.6715,4,14,1,174.1263449,194.23,35.53,0,3,2.0186,5,14,1,269.1209499,235.355,61.09,2,4,2.08138,4,13,0,260.9534945,3.23363058
100,119,*CCCCCCCCCCCC,*CC(*)(C)C(=O)OCCN1CCCCC1,*CC(*)C(=O)OCCOc1ccccc1,*SC(=S)SC(C)(C#N)CCC(=O)O,20,1,170.34,0,0,0,4.9272,9,12,0,56.4385619,199.294,29.54,0,3,1.6715,4,14,1,174.1263449,194.23,35.53,0,3,2.0186,5,14,1,269.1209499,235.355,61.09,2,4,2.08138,4,13,0,260.9534945,3.157003197
100,120,*CCCCCCCCCCCC,*CC(*)(C)C(=O)OCCN1CCCCC1,*CC(*)C(=O)OCCOc1ccccc1,*SC(=S)SC(C)(C#N)CCC(=O)O,20,0.5,170.34,0,0,0,4.9272,9,12,0,56.4385619,199.294,29.54,0,3,1.6715,4,14,1,174.1263449,194.23,35.53,0,3,2.0186,5,14,1,269.1209499,235.355,61.09,2,4,2.08138,4,13,0,260.9534945,3.192706807
100,121,*CCCCCCCCCCCC,*CC(*)(C)C(=O)OCCN1CCCCC1,*CC(*)(C)C(=O)OCCCCCC,*SC(=S)SC(C)(C#N)CCC(=O)O,2,2,170.34,0,0,0,4.9272,9,12,0,56.4385619,199.294,29.54,0,3,1.6715,4,14,1,174.1263449,172.268,26.3,0,2,2.7659,6,12,0,119.0069869,235.355,61.09,2,4,2.08138,4,13,0,260.9534945,2.686189234
100,122,*CCCCCCCCCCCC,*CC(*)(C)C(=O)OCCN1CCCCC1,*CC(*)(C)C(=O)OCCCCCC,*SC(=S)SC(C)(C#N)CCC(=O)O,2,1,170.34,0,0,0,4.9272,9,12,0,56.4385619,199.294,29.54,0,3,1.6715,4,14,1,174.1263449,172.268,26.3,0,2,2.7659,6,12,0,119.0069869,235.355,61.09,2,4,2.08138,4,13,0,260.9534945,3.13687904
100,123,*CCCCCCCCCCCC,*CC(*)(C)C(=O)OCCN1CCCCC1,*CC(*)(C)C(=O)OCCCCCC,*SC(=S)SC(C)(C#N)CCC(=O)O,2,0.5,170.34,0,0,0,4.9272,9,12,0,56.4385619,199.294,29.54,0,3,1.6715,4,14,1,174.1263449,172.268,26.3,0,2,2.7659,6,12,0,119.0069869,235.355,61.09,2,4,2.08138,4,13,0,260.9534945,2.90982337
100,124,*CCCCCCCCCCCC,*CC(*)(C)C(=O)OCCN1CCCCC1,*CC(*)(C)C(=O)OCCCCCC,*SC(=S)SC(C)(C#N)CCC(=O)O,5,2,170.34,0,0,0,4.9272,9,12,0,56.4385619,199.294,29.54,0,3,1.6715,4,14,1,174.1263449,172.268,26.3,0,2,2.7659,6,12,0,119.0069869,235.355,61.09,2,4,2.08138,4,13,0,260.9534945,3.395151592
100,125,*CCCCCCCCCCCC,*CC(*)(C)C(=O)OCCN1CCCCC1,*CC(*)(C)C(=O)OCCCCCC,*SC(=S)SC(C)(C#N)CCC(=O)O,5,1,170.34,0,0,0,4.9272,9,12,0,56.4385619,199.294,29.54,0,3,1.6715,4,14,1,174.1263449,172.268,26.3,0,2,2.7659,6,12,0,119.0069869,235.355,61.09,2,4,2.08138,4,13,0,260.9534945,3.752893155
100,126,*CCCCCCCCCCCC,*CC(*)(C)C(=O)OCCN1CCCCC1,*CC(*)(C)C(=O)OCCCCCC,*SC(=S)SC(C)(C#N)CCC(=O)O,5,0.5,170.34,0,0,0,4.9272,9,12,0,56.4385619,199.294,29.54,0,3,1.6715,4,14,1,174.1263449,172.268,26.3,0,2,2.7659,6,12,0,119.0069869,235.355,61.09,2,4,2.08138,4,13,0,260.9534945,2.89181612
100,127,*CCCCCCCCCCCC,*CC(*)(C)C(=O)OCCN1CCCCC1,*CC(*)(C)C(=O)OCCCCCC,*SC(=S)SC(C)(C#N)CCC(=O)O,10,2,170.34,0,0,0,4.9272,9,12,0,56.4385619,199.294,29.54,0,3,1.6715,4,14,1,174.1263449,172.268,26.3,0,2,2.7659,6,12,0,119.0069869,235.355,61.09,2,4,2.08138,4,13,0,260.9534945,2.423245874
100,128,*CCCCCCCCCCCC,*CC(*)(C)C(=O)OCCN1CCCCC1,*CC(*)(C)C(=O)OCCCCCC,*SC(=S)SC(C)(C#N)CCC(=O)O,10,1,170.34,0,0,0,4.9272,9,12,0,56.4385619,199.294,29.54,0,3,1.6715,4,14,1,174.1263449,172.268,26.3,0,2,2.7659,6,12,0,119.0069869,235.355,61.09,2,4,2.08138,4,13,0,260.9534945,3.279210513
100,129,*CCCCCCCCCCCC,*CC(*)(C)C(=O)OCCN1CCCCC1,*CC(*)(C)C(=O)OCCCCCC,*SC(=S)SC(C)(C#N)CCC(=O)O,10,0.5,170.34,0,0,0,4.9272,9,12,0,56.4385619,199.294,29.54,0,3,1.6715,4,14,1,174.1263449,172.268,26.3,0,2,2.7659,6,12,0,119.0069869,235.355,61.09,2,4,2.08138,4,13,0,260.9534945,3.300378065
100,130,*CCCCCCCCCCCC,*CC(*)(C)C(=O)OCCN1CCCCC1,*CC(*)(C)C(=O)OCCCCCC,*SC(=S)SC(C)(C#N)CCC(=O)O,20,2,170.34,0,0,0,4.9272,9,12,0,56.4385619,199.294,29.54,0,3,1.6715,4,14,1,174.1263449,172.268,26.3,0,2,2.7659,6,12,0,119.0069869,235.355,61.09,2,4,2.08138,4,13,0,260.9534945,2.660391098
100,131,*CCCCCCCCCCCC,*CC(*)(C)C(=O)OCCN1CCCCC1,*CC(*)(C)C(=O)OCCCCCC,*SC(=S)SC(C)(C#N)CCC(=O)O,20,1,170.34,0,0,0,4.9272,9,12,0,56.4385619,199.294,29.54,0,3,1.6715,4,14,1,174.1263449,172.268,26.3,0,2,2.7659,6,12,0,119.0069869,235.355,61.09,2,4,2.08138,4,13,0,260.9534945,2.725094521
100,132,*CCCCCCCCCCCC,*CC(*)(C)C(=O)OCCN1CCCCC1,*CC(*)(C)C(=O)OCCCCCC,*SC(=S)SC(C)(C#N)CCC(=O)O,20,0.5,170.34,0,0,0,4.9272,9,12,0,56.4385619,199.294,29.54,0,3,1.6715,4,14,1,174.1263449,172.268,26.3,0,2,2.7659,6,12,0,119.0069869,235.355,61.09,2,4,2.08138,4,13,0,260.9534945,2.802089258
100,133,*CCCCCCCCCCCC,*CC(*)(C)C(=O)OCCN1CCCCC1,*CC(*)C(=O)OCC(CC)CCCC,*SC(=S)SC(C)(C#N)CCC(=O)O,2,2,170.34,0,0,0,4.9272,9,12,0,56.4385619,199.294,29.54,0,3,1.6715,4,14,1,174.1263449,186.295,26.3,0,2,3.156,7,13,0,132.0519685,235.355,61.09,2,4,2.08138,4,13,0,260.9534945,2.537819095
100,134,*CCCCCCCCCCCC,*CC(*)(C)C(=O)OCCN1CCCCC1,*CC(*)C(=O)OCC(CC)CCCC,*SC(=S)SC(C)(C#N)CCC(=O)O,2,1,170.34,0,0,0,4.9272,9,12,0,56.4385619,199.294,29.54,0,3,1.6715,4,14,1,174.1263449,186.295,26.3,0,2,3.156,7,13,0,132.0519685,235.355,61.09,2,4,2.08138,4,13,0,260.9534945,2.459392488
100,135,*CCCCCCCCCCCC,*CC(*)(C)C(=O)OCCN1CCCCC1,*CC(*)C(=O)OCC(CC)CCCC,*SC(=S)SC(C)(C#N)CCC(=O)O,2,0.5,170.34,0,0,0,4.9272,9,12,0,56.4385619,199.294,29.54,0,3,1.6715,4,14,1,174.1263449,186.295,26.3,0,2,3.156,7,13,0,132.0519685,235.355,61.09,2,4,2.08138,4,13,0,260.9534945,3.316599302
100,136,*CCCCCCCCCCCC,*CC(*)(C)C(=O)OCCN1CCCCC1,*CC(*)C(=O)OCC(CC)CCCC,*SC(=S)SC(C)(C#N)CCC(=O)O,5,2,170.34,0,0,0,4.9272,9,12,0,56.4385619,199.294,29.54,0,3,1.6715,4,14,1,174.1263449,186.295,26.3,0,2,3.156,7,13,0,132.0519685,235.355,61.09,2,4,2.08138,4,13,0,260.9534945,3.620500418
100,137,*CCCCCCCCCCCC,*CC(*)(C)C(=O)OCCN1CCCCC1,*CC(*)C(=O)OCC(CC)CCCC,*SC(=S)SC(C)(C#N)CCC(=O)O,5,1,170.34,0,0,0,4.9272,9,12,0,56.4385619,199.294,29.54,0,3,1.6715,4,14,1,174.1263449,186.295,26.3,0,2,3.156,7,13,0,132.0519685,235.355,61.09,2,4,2.08138,4,13,0,260.9534945,3.458108821
100,138,*CCCCCCCCCCCC,*CC(*)(C)C(=O)OCCN1CCCCC1,*CC(*)C(=O)OCC(CC)CCCC,*SC(=S)SC(C)(C#N)CCC(=O)O,5,0.5,170.34,0,0,0,4.9272,9,12,0,56.4385619,199.294,29.54,0,3,1.6715,4,14,1,174.1263449,186.295,26.3,0,2,3.156,7,13,0,132.0519685,235.355,61.09,2,4,2.08138,4,13,0,260.9534945,3.337658891
100,139,*CCCCCCCCCCCC,*CC(*)(C)C(=O)OCCN1CCCCC1,*CC(*)C(=O)OCC(CC)CCCC,*SC(=S)SC(C)(C#N)CCC(=O)O,10,2,170.34,0,0,0,4.9272,9,12,0,56.4385619,199.294,29.54,0,3,1.6715,4,14,1,174.1263449,186.295,26.3,0,2,3.156,7,13,0,132.0519685,235.355,61.09,2,4,2.08138,4,13,0,260.9534945,3.873843533
100,140,*CCCCCCCCCCCC,*CC(*)(C)C(=O)OCCN1CCCCC1,*CC(*)C(=O)OCC(CC)CCCC,*SC(=S)SC(C)(C#N)CCC(=O)O,10,1,170.34,0,0,0,4.9272,9,12,0,56.4385619,199.294,29.54,0,3,1.6715,4,14,1,174.1263449,186.295,26.3,0,2,3.156,7,13,0,132.0519685,235.355,61.09,2,4,2.08138,4,13,0,260.9534945,3.768933942
100,141,*CCCCCCCCCCCC,*CC(*)(C)C(=O)OCCN1CCCCC1,*CC(*)C(=O)OCC(CC)CCCC,*SC(=S)SC(C)(C#N)CCC(=O)O,10,0.5,170.34,0,0,0,4.9272,9,12,0,56.4385619,199.294,29.54,0,3,1.6715,4,14,1,174.1263449,186.295,26.3,0,2,3.156,7,13,0,132.0519685,235.355,61.09,2,4,2.08138,4,13,0,260.9534945,3.115111036
100,142,*CCCCCCCCCCCC,*CC(*)(C)C(=O)OCCN1CCCCC1,*CC(*)C(=O)OCC(CC)CCCC,*SC(=S)SC(C)(C#N)CCC(=O)O,20,2,170.34,0,0,0,4.9272,9,12,0,56.4385619,199.294,29.54,0,3,1.6715,4,14,1,174.1263449,186.295,26.3,0,2,3.156,7,13,0,132.0519685,235.355,61.09,2,4,2.08138,4,13,0,260.9534945,2.205475037
100,143,*CCCCCCCCCCCC,*CC(*)(C)C(=O)OCCN1CCCCC1,*CC(*)C(=O)OCC(CC)CCCC,*SC(=S)SC(C)(C#N)CCC(=O)O,20,1,170.34,0,0,0,4.9272,9,12,0,56.4385619,199.294,29.54,0,3,1.6715,4,14,1,174.1263449,186.295,26.3,0,2,3.156,7,13,0,132.0519685,235.355,61.09,2,4,2.08138,4,13,0,260.9534945,2.669781615
100,144,*CCCCCCCCCCCC,*CC(*)(C)C(=O)OCCN1CCCCC1,*CC(*)C(=O)OCC(CC)CCCC,*SC(=S)SC(C)(C#N)CCC(=O)O,20,0.5,170.34,0,0,0,4.9272,9,12,0,56.4385619,199.294,29.54,0,3,1.6715,4,14,1,174.1263449,186.295,26.3,0,2,3.156,7,13,0,132.0519685,235.355,61.09,2,4,2.08138,4,13,0,260.9534945,2.671172843
100,145,*CCCCCCCCCCCC,*CC(*)C(=O)OCCN(CC)CC,*CC(*)C(=O)OCCOc1ccccc1,*SC(=S)SC(C)C(=O)O,2,2,170.34,0,0,0,4.9272,9,12,0,56.4385619,173.256,29.54,0,3,1.2814,6,12,0,121.6969429,194.23,35.53,0,3,2.0186,5,14,1,269.1209499,182.291,37.3,2,3,1.4074,2,9,0,133.7744375,2.742725131
100,146,*CCCCCCCCCCCC,*CC(*)C(=O)OCCN(CC)CC,*CC(*)C(=O)OCCOc1ccccc1,*SC(=S)SC(C)C(=O)O,2,1,170.34,0,0,0,4.9272,9,12,0,56.4385619,173.256,29.54,0,3,1.2814,6,12,0,121.6969429,194.23,35.53,0,3,2.0186,5,14,1,269.1209499,182.291,37.3,2,3,1.4074,2,9,0,133.7744375,2.534660576
100,147,*CCCCCCCCCCCC,*CC(*)C(=O)OCCN(CC)CC,*CC(*)C(=O)OCCOc1ccccc1,*SC(=S)SC(C)C(=O)O,2,0.5,170.34,0,0,0,4.9272,9,12,0,56.4385619,173.256,29.54,0,3,1.2814,6,12,0,121.6969429,194.23,35.53,0,3,2.0186,5,14,1,269.1209499,182.291,37.3,2,3,1.4074,2,9,0,133.7744375,3.146128036
100,148,*CCCCCCCCCCCC,*CC(*)C(=O)OCCN(CC)CC,*CC(*)C(=O)OCCOc1ccccc1,*SC(=S)SC(C)C(=O)O,5,2,170.34,0,0,0,4.9272,9,12,0,56.4385619,173.256,29.54,0,3,1.2814,6,12,0,121.6969429,194.23,35.53,0,3,2.0186,5,14,1,269.1209499,182.291,37.3,2,3,1.4074,2,9,0,133.7744375,2.568788212
100,149,*CCCCCCCCCCCC,*CC(*)C(=O)OCCN(CC)CC,*CC(*)C(=O)OCCOc1ccccc1,*SC(=S)SC(C)C(=O)O,5,1,170.34,0,0,0,4.9272,9,12,0,56.4385619,173.256,29.54,0,3,1.2814,6,12,0,121.6969429,194.23,35.53,0,3,2.0186,5,14,1,269.1209499,182.291,37.3,2,3,1.4074,2,9,0,133.7744375,2.436957331
100,150,*CCCCCCCCCCCC,*CC(*)C(=O)OCCN(CC)CC,*CC(*)C(=O)OCCOc1ccccc1,*SC(=S)SC(C)C(=O)O,5,0.5,170.34,0,0,0,4.9272,9,12,0,56.4385619,173.256,29.54,0,3,1.2814,6,12,0,121.6969429,194.23,35.53,0,3,2.0186,5,14,1,269.1209499,182.291,37.3,2,3,1.4074,2,9,0,133.7744375,2.428134794
100,151,*CCCCCCCCCCCC,*CC(*)C(=O)OCCN(CC)CC,*CC(*)C(=O)OCCOc1ccccc1,*SC(=S)SC(C)C(=O)O,10,2,170.34,0,0,0,4.9272,9,12,0,56.4385619,173.256,29.54,0,3,1.2814,6,12,0,121.6969429,194.23,35.53,0,3,2.0186,5,14,1,269.1209499,182.291,37.3,2,3,1.4074,2,9,0,133.7744375,2.403977964
100,152,*CCCCCCCCCCCC,*CC(*)C(=O)OCCN(CC)CC,*CC(*)C(=O)OCCOc1ccccc1,*SC(=S)SC(C)C(=O)O,10,1,170.34,0,0,0,4.9272,9,12,0,56.4385619,173.256,29.54,0,3,1.2814,6,12,0,121.6969429,194.23,35.53,0,3,2.0186,5,14,1,269.1209499,182.291,37.3,2,3,1.4074,2,9,0,133.7744375,2.440121603
100,153,*CCCCCCCCCCCC,*CC(*)C(=O)OCCN(CC)CC,*CC(*)C(=O)OCCOc1ccccc1,*SC(=S)SC(C)C(=O)O,10,0.5,170.34,0,0,0,4.9272,9,12,0,56.4385619,173.256,29.54,0,3,1.2814,6,12,0,121.6969429,194.23,35.53,0,3,2.0186,5,14,1,269.1209499,182.291,37.3,2,3,1.4074,2,9,0,133.7744375,4.125220936
100,154,*CCCCCCCCCCCC,*CC(*)C(=O)OCCN(CC)CC,*CC(*)C(=O)OCCOc1ccccc1,*SC(=S)SC(C)C(=O)O,20,2,170.34,0,0,0,4.9272,9,12,0,56.4385619,173.256,29.54,0,3,1.2814,6,12,0,121.6969429,194.23,35.53,0,3,2.0186,5,14,1,269.1209499,182.291,37.3,2,3,1.4074,2,9,0,133.7744375,2.070037867
100,155,*CCCCCCCCCCCC,*CC(*)C(=O)OCCN(CC)CC,*CC(*)C(=O)OCCOc1ccccc1,*SC(=S)SC(C)C(=O)O,20,1,170.34,0,0,0,4.9272,9,12,0,56.4385619,173.256,29.54,0,3,1.2814,6,12,0,121.6969429,194.23,35.53,0,3,2.0186,5,14,1,269.1209499,182.291,37.3,2,3,1.4074,2,9,0,133.7744375,2.6349808
100,156,*CCCCCCCCCCCC,*CC(*)C(=O)OCCN(CC)CC,*CC(*)C(=O)OCCOc1ccccc1,*SC(=S)SC(C)C(=O)O,20,0.5,170.34,0,0,0,4.9272,9,12,0,56.4385619,173.256,29.54,0,3,1.2814,6,12,0,121.6969429,194.23,35.53,0,3,2.0186,5,14,1,269.1209499,182.291,37.3,2,3,1.4074,2,9,0,133.7744375,3.819280647
100,157,*CCCCCCCCCCCC,*CC(*)C(=O)OCCN(CC)CC,*CC(*)(C)C(=O)OCCCCCC,*SC(=S)SC(C)C(=O)O,2,2,170.34,0,0,0,4.9272,9,12,0,56.4385619,173.256,29.54,0,3,1.2814,6,12,0,121.6969429,172.268,26.3,0,2,2.7659,6,12,0,119.0069869,182.291,37.3,2,3,1.4074,2,9,0,133.7744375,2.53529412
100,158,*CCCCCCCCCCCC,*CC(*)C(=O)OCCN(CC)CC,*CC(*)(C)C(=O)OCCCCCC,*SC(=S)SC(C)C(=O)O,2,1,170.34,0,0,0,4.9272,9,12,0,56.4385619,173.256,29.54,0,3,1.2814,6,12,0,121.6969429,172.268,26.3,0,2,2.7659,6,12,0,119.0069869,182.291,37.3,2,3,1.4074,2,9,0,133.7744375,2.732795698
100,159,*CCCCCCCCCCCC,*CC(*)C(=O)OCCN(CC)CC,*CC(*)(C)C(=O)OCCCCCC,*SC(=S)SC(C)C(=O)O,2,0.5,170.34,0,0,0,4.9272,9,12,0,56.4385619,173.256,29.54,0,3,1.2814,6,12,0,121.6969429,172.268,26.3,0,2,2.7659,6,12,0,119.0069869,182.291,37.3,2,3,1.4074,2,9,0,133.7744375,2.264817823
100,160,*CCCCCCCCCCCC,*CC(*)C(=O)OCCN(CC)CC,*CC(*)(C)C(=O)OCCCCCC,*SC(=S)SC(C)C(=O)O,5,2,170.34,0,0,0,4.9272,9,12,0,56.4385619,173.256,29.54,0,3,1.2814,6,12,0,121.6969429,172.268,26.3,0,2,2.7659,6,12,0,119.0069869,182.291,37.3,2,3,1.4074,2,9,0,133.7744375,2.162862993
100,161,*CCCCCCCCCCCC,*CC(*)C(=O)OCCN(CC)CC,*CC(*)(C)C(=O)OCCCCCC,*SC(=S)SC(C)C(=O)O,5,1,170.34,0,0,0,4.9272,9,12,0,56.4385619,173.256,29.54,0,3,1.2814,6,12,0,121.6969429,172.268,26.3,0,2,2.7659,6,12,0,119.0069869,182.291,37.3,2,3,1.4074,2,9,0,133.7744375,3.396286546
100,162,*CCCCCCCCCCCC,*CC(*)C(=O)OCCN(CC)CC,*CC(*)(C)C(=O)OCCCCCC,*SC(=S)SC(C)C(=O)O,5,0.5,170.34,0,0,0,4.9272,9,12,0,56.4385619,173.256,29.54,0,3,1.2814,6,12,0,121.6969429,172.268,26.3,0,2,2.7659,6,12,0,119.0069869,182.291,37.3,2,3,1.4074,2,9,0,133.7744375,3.309417226
100,163,*CCCCCCCCCCCC,*CC(*)C(=O)OCCN(CC)CC,*CC(*)(C)C(=O)OCCCCCC,*SC(=S)SC(C)C(=O)O,10,2,170.34,0,0,0,4.9272,9,12,0,56.4385619,173.256,29.54,0,3,1.2814,6,12,0,121.6969429,172.268,26.3,0,2,2.7659,6,12,0,119.0069869,182.291,37.3,2,3,1.4074,2,9,0,133.7744375,2.461648568
100,164,*CCCCCCCCCCCC,*CC(*)C(=O)OCCN(CC)CC,*CC(*)(C)C(=O)OCCCCCC,*SC(=S)SC(C)C(=O)O,10,1,170.34,0,0,0,4.9272,9,12,0,56.4385619,173.256,29.54,0,3,1.2814,6,12,0,121.6969429,172.268,26.3,0,2,2.7659,6,12,0,119.0069869,182.291,37.3,2,3,1.4074,2,9,0,133.7744375,2.442479769
100,165,*CCCCCCCCCCCC,*CC(*)C(=O)OCCN(CC)CC,*CC(*)(C)C(=O)OCCCCCC,*SC(=S)SC(C)C(=O)O,10,0.5,170.34,0,0,0,4.9272,9,12,0,56.4385619,173.256,29.54,0,3,1.2814,6,12,0,121.6969429,172.268,26.3,0,2,2.7659,6,12,0,119.0069869,182.291,37.3,2,3,1.4074,2,9,0,133.7744375,3.130655349
100,166,*CCCCCCCCCCCC,*CC(*)C(=O)OCCN(CC)CC,*CC(*)(C)C(=O)OCCCCCC,*SC(=S)SC(C)C(=O)O,20,2,170.34,0,0,0,4.9272,9,12,0,56.4385619,173.256,29.54,0,3,1.2814,6,12,0,121.6969429,172.268,26.3,0,2,2.7659,6,12,0,119.0069869,182.291,37.3,2,3,1.4074,2,9,0,133.7744375,2.569958818
100,167,*CCCCCCCCCCCC,*CC(*)C(=O)OCCN(CC)CC,*CC(*)(C)C(=O)OCCCCCC,*SC(=S)SC(C)C(=O)O,20,1,170.34,0,0,0,4.9272,9,12,0,56.4385619,173.256,29.54,0,3,1.2814,6,12,0,121.6969429,172.268,26.3,0,2,2.7659,6,12,0,119.0069869,182.291,37.3,2,3,1.4074,2,9,0,133.7744375,2.155336037
100,168,*CCCCCCCCCCCC,*CC(*)C(=O)OCCN(CC)CC,*CC(*)(C)C(=O)OCCCCCC,*SC(=S)SC(C)C(=O)O,20,0.5,170.34,0,0,0,4.9272,9,12,0,56.4385619,173.256,29.54,0,3,1.2814,6,12,0,121.6969429,172.268,26.3,0,2,2.7659,6,12,0,119.0069869,182.291,37.3,2,3,1.4074,2,9,0,133.7744375,2.60368555
100,169,*CCCCCCCCCCCC,*CC(*)C(=O)OCCN(CC)CC,*CC(*)C(=O)OCC(CC)CCCC,*SC(=S)SC(C)C(=O)O,2,2,170.34,0,0,0,4.9272,9,12,0,56.4385619,173.256,29.54,0,3,1.2814,6,12,0,121.6969429,186.295,26.3,0,2,3.156,7,13,0,132.0519685,182.291,37.3,2,3,1.4074,2,9,0,133.7744375,2.904715545
100,170,*CCCCCCCCCCCC,*CC(*)C(=O)OCCN(CC)CC,*CC(*)C(=O)OCC(CC)CCCC,*SC(=S)SC(C)C(=O)O,2,1,170.34,0,0,0,4.9272,9,12,0,56.4385619,173.256,29.54,0,3,1.2814,6,12,0,121.6969429,186.295,26.3,0,2,3.156,7,13,0,132.0519685,182.291,37.3,2,3,1.4074,2,9,0,133.7744375,2.811575006
100,171,*CCCCCCCCCCCC,*CC(*)C(=O)OCCN(CC)CC,*CC(*)C(=O)OCC(CC)CCCC,*SC(=S)SC(C)C(=O)O,2,0.5,170.34,0,0,0,4.9272,9,12,0,56.4385619,173.256,29.54,0,3,1.2814,6,12,0,121.6969429,186.295,26.3,0,2,3.156,7,13,0,132.0519685,182.291,37.3,2,3,1.4074,2,9,0,133.7744375,3.202352068
100,172,*CCCCCCCCCCCC,*CC(*)C(=O)OCCN(CC)CC,*CC(*)C(=O)OCC(CC)CCCC,*SC(=S)SC(C)C(=O)O,5,2,170.34,0,0,0,4.9272,9,12,0,56.4385619,173.256,29.54,0,3,1.2814,6,12,0,121.6969429,186.295,26.3,0,2,3.156,7,13,0,132.0519685,182.291,37.3,2,3,1.4074,2,9,0,133.7744375,2.041392685
100,173,*CCCCCCCCCCCC,*CC(*)C(=O)OCCN(CC)CC,*CC(*)C(=O)OCC(CC)CCCC,*SC(=S)SC(C)C(=O)O,5,1,170.34,0,0,0,4.9272,9,12,0,56.4385619,173.256,29.54,0,3,1.2814,6,12,0,121.6969429,186.295,26.3,0,2,3.156,7,13,0,132.0519685,182.291,37.3,2,3,1.4074,2,9,0,133.7744375,3.092018471
100,174,*CCCCCCCCCCCC,*CC(*)C(=O)OCCN(CC)CC,*CC(*)C(=O)OCC(CC)CCCC,*SC(=S)SC(C)C(=O)O,5,0.5,170.34,0,0,0,4.9272,9,12,0,56.4385619,173.256,29.54,0,3,1.2814,6,12,0,121.6969429,186.295,26.3,0,2,3.156,7,13,0,132.0519685,182.291,37.3,2,3,1.4074,2,9,0,133.7744375,3.98403198
100,175,*CCCCCCCCCCCC,*CC(*)C(=O)OCCN(CC)CC,*CC(*)C(=O)OCC(CC)CCCC,*SC(=S)SC(C)C(=O)O,10,2,170.34,0,0,0,4.9272,9,12,0,56.4385619,173.256,29.54,0,3,1.2814,6,12,0,121.6969429,186.295,26.3,0,2,3.156,7,13,0,132.0519685,182.291,37.3,2,3,1.4074,2,9,0,133.7744375,1.872156273
100,176,*CCCCCCCCCCCC,*CC(*)C(=O)OCCN(CC)CC,*CC(*)C(=O)OCC(CC)CCCC,*SC(=S)SC(C)C(=O)O,10,1,170.34,0,0,0,4.9272,9,12,0,56.4385619,173.256,29.54,0,3,1.2814,6,12,0,121.6969429,186.295,26.3,0,2,3.156,7,13,0,132.0519685,182.291,37.3,2,3,1.4074,2,9,0,133.7744375,3.155032229
100,177,*CCCCCCCCCCCC,*CC(*)C(=O)OCCN(CC)CC,*CC(*)C(=O)OCC(CC)CCCC,*SC(=S)SC(C)C(=O)O,10,0.5,170.34,0,0,0,4.9272,9,12,0,56.4385619,173.256,29.54,0,3,1.2814,6,12,0,121.6969429,186.295,26.3,0,2,3.156,7,13,0,132.0519685,182.291,37.3,2,3,1.4074,2,9,0,133.7744375,3.612995656
100,178,*CCCCCCCCCCCC,*CC(*)C(=O)OCCN(CC)CC,*CC(*)C(=O)OCC(CC)CCCC,*SC(=S)SC(C)C(=O)O,20,2,170.34,0,0,0,4.9272,9,12,0,56.4385619,173.256,29.54,0,3,1.2814,6,12,0,121.6969429,186.295,26.3,0,2,3.156,7,13,0,132.0519685,182.291,37.3,2,3,1.4074,2,9,0,133.7744375,2.658488381
100,179,*CCCCCCCCCCCC,*CC(*)C(=O)OCCN(CC)CC,*CC(*)C(=O)OCC(CC)CCCC,*SC(=S)SC(C)C(=O)O,20,1,170.34,0,0,0,4.9272,9,12,0,56.4385619,173.256,29.54,0,3,1.2814,6,12,0,121.6969429,186.295,26.3,0,2,3.156,7,13,0,132.0519685,182.291,37.3,2,3,1.4074,2,9,0,133.7744375,2.357934847
100,180,*CCCCCCCCCCCC,*CC(*)C(=O)OCCN(CC)CC,*CC(*)C(=O)OCC(CC)CCCC,*SC(=S)SC(C)C(=O)O,20,0.5,170.34,0,0,0,4.9272,9,12,0,56.4385619,173.256,29.54,0,3,1.2814,6,12,0,121.6969429,186.295,26.3,0,2,3.156,7,13,0,132.0519685,182.291,37.3,2,3,1.4074,2,9,0,133.7744375,2.597695186
100,181,*CCCCCCCCCCCC,*CC(*)(C)C(=O)OCCN(C)C,*CC(*)C(=O)OCCOc1ccccc1,*SC(=S)SC(C)C(=O)O,2,2,170.34,0,0,0,4.9272,9,12,0,56.4385619,159.229,29.54,0,3,0.7472,4,11,0,121.2604657,194.23,35.53,0,3,2.0186,5,14,1,269.1209499,182.291,37.3,2,3,1.4074,2,9,0,133.7744375,2.390051496
100,182,*CCCCCCCCCCCC,*CC(*)(C)C(=O)OCCN(C)C,*CC(*)C(=O)OCCOc1ccccc1,*SC(=S)SC(C)C(=O)O,2,1,170.34,0,0,0,4.9272,9,12,0,56.4385619,159.229,29.54,0,3,0.7472,4,11,0,121.2604657,194.23,35.53,0,3,2.0186,5,14,1,269.1209499,182.291,37.3,2,3,1.4074,2,9,0,133.7744375,2.405687787
100,183,*CCCCCCCCCCCC,*CC(*)(C)C(=O)OCCN(C)C,*CC(*)C(=O)OCCOc1ccccc1,*SC(=S)SC(C)C(=O)O,2,0.5,170.34,0,0,0,4.9272,9,12,0,56.4385619,159.229,29.54,0,3,0.7472,4,11,0,121.2604657,194.23,35.53,0,3,2.0186,5,14,1,269.1209499,182.291,37.3,2,3,1.4074,2,9,0,133.7744375,3.847819347
100,184,*CCCCCCCCCCCC,*CC(*)(C)C(=O)OCCN(C)C,*CC(*)C(=O)OCCOc1ccccc1,*SC(=S)SC(C)C(=O)O,5,2,170.34,0,0,0,4.9272,9,12,0,56.4385619,159.229,29.54,0,3,0.7472,4,11,0,121.2604657,194.23,35.53,0,3,2.0186,5,14,1,269.1209499,182.291,37.3,2,3,1.4074,2,9,0,133.7744375,2.42894429
100,185,*CCCCCCCCCCCC,*CC(*)(C)C(=O)OCCN(C)C,*CC(*)C(=O)OCCOc1ccccc1,*SC(=S)SC(C)C(=O)O,5,1,170.34,0,0,0,4.9272,9,12,0,56.4385619,159.229,29.54,0,3,0.7472,4,11,0,121.2604657,194.23,35.53,0,3,2.0186,5,14,1,269.1209499,182.291,37.3,2,3,1.4074,2,9,0,133.7744375,4.862897281
100,186,*CCCCCCCCCCCC,*CC(*)(C)C(=O)OCCN(C)C,*CC(*)C(=O)OCCOc1ccccc1,*SC(=S)SC(C)C(=O)O,5,0.5,170.34,0,0,0,4.9272,9,12,0,56.4385619,159.229,29.54,0,3,0.7472,4,11,0,121.2604657,194.23,35.53,0,3,2.0186,5,14,1,269.1209499,182.291,37.3,2,3,1.4074,2,9,0,133.7744375,3.172748839
100,187,*CCCCCCCCCCCC,*CC(*)(C)C(=O)OCCN(C)C,*CC(*)C(=O)OCCOc1ccccc1,*SC(=S)SC(C)C(=O)O,10,2,170.34,0,0,0,4.9272,9,12,0,56.4385619,159.229,29.54,0,3,0.7472,4,11,0,121.2604657,194.23,35.53,0,3,2.0186,5,14,1,269.1209499,182.291,37.3,2,3,1.4074,2,9,0,133.7744375,3.080626487
100,188,*CCCCCCCCCCCC,*CC(*)(C)C(=O)OCCN(C)C,*CC(*)C(=O)OCCOc1ccccc1,*SC(=S)SC(C)C(=O)O,10,1,170.34,0,0,0,4.9272,9,12,0,56.4385619,159.229,29.54,0,3,0.7472,4,11,0,121.2604657,194.23,35.53,0,3,2.0186,5,14,1,269.1209499,182.291,37.3,2,3,1.4074,2,9,0,133.7744375,2.507855872
100,189,*CCCCCCCCCCCC,*CC(*)(C)C(=O)OCCN(C)C,*CC(*)C(=O)OCCOc1ccccc1,*SC(=S)SC(C)C(=O)O,10,0.5,170.34,0,0,0,4.9272,9,12,0,56.4385619,159.229,29.54,0,3,0.7472,4,11,0,121.2604657,194.23,35.53,0,3,2.0186,5,14,1,269.1209499,182.291,37.3,2,3,1.4074,2,9,0,133.7744375,2.382917135
100,190,*CCCCCCCCCCCC,*CC(*)(C)C(=O)OCCN(C)C,*CC(*)C(=O)OCCOc1ccccc1,*SC(=S)SC(C)C(=O)O,20,2,170.34,0,0,0,4.9272,9,12,0,56.4385619,159.229,29.54,0,3,0.7472,4,11,0,121.2604657,194.23,35.53,0,3,2.0186,5,14,1,269.1209499,182.291,37.3,2,3,1.4074,2,9,0,133.7744375,2.188928484
100,191,*CCCCCCCCCCCC,*CC(*)(C)C(=O)OCCN(C)C,*CC(*)C(=O)OCCOc1ccccc1,*SC(=S)SC(C)C(=O)O,20,1,170.34,0,0,0,4.9272,9,12,0,56.4385619,159.229,29.54,0,3,0.7472,4,11,0,121.2604657,194.23,35.53,0,3,2.0186,5,14,1,269.1209499,182.291,37.3,2,3,1.4074,2,9,0,133.7744375,3.118595365
100,192,*CCCCCCCCCCCC,*CC(*)(C)C(=O)OCCN(C)C,*CC(*)C(=O)OCCOc1ccccc1,*SC(=S)SC(C)C(=O)O,20,0.5,170.34,0,0,0,4.9272,9,12,0,56.4385619,159.229,29.54,0,3,0.7472,4,11,0,121.2604657,194.23,35.53,0,3,2.0186,5,14,1,269.1209499,182.291,37.3,2,3,1.4074,2,9,0,133.7744375,3.817895757
100,193,*CCCCCCCCCCCC,*CC(*)(C)C(=O)OCCN(C)C,*CC(*)(C)C(=O)OCCCCCC,*SC(=S)SC(C)C(=O)O,2,2,170.34,0,0,0,4.9272,9,12,0,56.4385619,159.229,29.54,0,3,0.7472,4,11,0,121.2604657,172.268,26.3,0,2,2.7659,6,12,0,119.0069869,182.291,37.3,2,3,1.4074,2,9,0,133.7744375,2.841046465
100,194,*CCCCCCCCCCCC,*CC(*)(C)C(=O)OCCN(C)C,*CC(*)(C)C(=O)OCCCCCC,*SC(=S)SC(C)C(=O)O,2,1,170.34,0,0,0,4.9272,9,12,0,56.4385619,159.229,29.54,0,3,0.7472,4,11,0,121.2604657,172.268,26.3,0,2,2.7659,6,12,0,119.0069869,182.291,37.3,2,3,1.4074,2,9,0,133.7744375,3.591509809
100,195,*CCCCCCCCCCCC,*CC(*)(C)C(=O)OCCN(C)C,*CC(*)(C)C(=O)OCCCCCC,*SC(=S)SC(C)C(=O)O,2,0.5,170.34,0,0,0,4.9272,9,12,0,56.4385619,159.229,29.54,0,3,0.7472,4,11,0,121.2604657,172.268,26.3,0,2,2.7659,6,12,0,119.0069869,182.291,37.3,2,3,1.4074,2,9,0,133.7744375,3.937943954
100,196,*CCCCCCCCCCCC,*CC(*)(C)C(=O)OCCN(C)C,*CC(*)(C)C(=O)OCCCCCC,*SC(=S)SC(C)C(=O)O,5,2,170.34,0,0,0,4.9272,9,12,0,56.4385619,159.229,29.54,0,3,0.7472,4,11,0,121.2604657,172.268,26.3,0,2,2.7659,6,12,0,119.0069869,182.291,37.3,2,3,1.4074,2,9,0,133.7744375,2.694605199
100,197,*CCCCCCCCCCCC,*CC(*)(C)C(=O)OCCN(C)C,*CC(*)(C)C(=O)OCCCCCC,*SC(=S)SC(C)C(=O)O,5,1,170.34,0,0,0,4.9272,9,12,0,56.4385619,159.229,29.54,0,3,0.7472,4,11,0,121.2604657,172.268,26.3,0,2,2.7659,6,12,0,119.0069869,182.291,37.3,2,3,1.4074,2,9,0,133.7744375,3.831357785
100,198,*CCCCCCCCCCCC,*CC(*)(C)C(=O)OCCN(C)C,*CC(*)(C)C(=O)OCCCCCC,*SC(=S)SC(C)C(=O)O,5,0.5,170.34,0,0,0,4.9272,9,12,0,56.4385619,159.229,29.54,0,3,0.7472,4,11,0,121.2604657,172.268,26.3,0,2,2.7659,6,12,0,119.0069869,182.291,37.3,2,3,1.4074,2,9,0,133.7744375,3.855942946
100,199,*CCCCCCCCCCCC,*CC(*)(C)C(=O)OCCN(C)C,*CC(*)(C)C(=O)OCCCCCC,*SC(=S)SC(C)C(=O)O,10,2,170.34,0,0,0,4.9272,9,12,0,56.4385619,159.229,29.54,0,3,0.7472,4,11,0,121.2604657,172.268,26.3,0,2,2.7659,6,12,0,119.0069869,182.291,37.3,2,3,1.4074,2,9,0,133.7744375,3.340146551
100,200,*CCCCCCCCCCCC,*CC(*)(C)C(=O)OCCN(C)C,*CC(*)(C)C(=O)OCCCCCC,*SC(=S)SC(C)C(=O)O,10,1,170.34,0,0,0,4.9272,9,12,0,56.4385619,159.229,29.54,0,3,0.7472,4,11,0,121.2604657,172.268,26.3,0,2,2.7659,6,12,0,119.0069869,182.291,37.3,2,3,1.4074,2,9,0,133.7744375,3.382287266
100,201,*CCCCCCCCCCCC,*CC(*)(C)C(=O)OCCN(C)C,*CC(*)(C)C(=O)OCCCCCC,*SC(=S)SC(C)C(=O)O,10,0.5,170.34,0,0,0,4.9272,9,12,0,56.4385619,159.229,29.54,0,3,0.7472,4,11,0,121.2604657,172.268,26.3,0,2,2.7659,6,12,0,119.0069869,182.291,37.3,2,3,1.4074,2,9,0,133.7744375,3.641523685
100,202,*CCCCCCCCCCCC,*CC(*)(C)C(=O)OCCN(C)C,*CC(*)(C)C(=O)OCCCCCC,*SC(=S)SC(C)C(=O)O,20,2,170.34,0,0,0,4.9272,9,12,0,56.4385619,159.229,29.54,0,3,0.7472,4,11,0,121.2604657,172.268,26.3,0,2,2.7659,6,12,0,119.0069869,182.291,37.3,2,3,1.4074,2,9,0,133.7744375,3.255393126
100,203,*CCCCCCCCCCCC,*CC(*)(C)C(=O)OCCN(C)C,*CC(*)(C)C(=O)OCCCCCC,*SC(=S)SC(C)C(=O)O,20,1,170.34,0,0,0,4.9272,9,12,0,56.4385619,159.229,29.54,0,3,0.7472,4,11,0,121.2604657,172.268,26.3,0,2,2.7659,6,12,0,119.0069869,182.291,37.3,2,3,1.4074,2,9,0,133.7744375,2.928395852
100,204,*CCCCCCCCCCCC,*CC(*)(C)C(=O)OCCN(C)C,*CC(*)(C)C(=O)OCCCCCC,*SC(=S)SC(C)C(=O)O,20,0.5,170.34,0,0,0,4.9272,9,12,0,56.4385619,159.229,29.54,0,3,0.7472,4,11,0,121.2604657,172.268,26.3,0,2,2.7659,6,12,0,119.0069869,182.291,37.3,2,3,1.4074,2,9,0,133.7744375,2.494850022
100,205,*CCCCCCCCCCCC,*CC(*)(C)C(=O)OCCN(C)C,*CC(*)C(=O)OCC(CC)CCCC,*SC(=S)SC(C)C(=O)O,2,2,170.34,0,0,0,4.9272,9,12,0,56.4385619,159.229,29.54,0,3,0.7472,4,11,0,121.2604657,186.295,26.3,0,2,3.156,7,13,0,132.0519685,182.291,37.3,2,3,1.4074,2,9,0,133.7744375,4.539552808
100,206,*CCCCCCCCCCCC,*CC(*)(C)C(=O)OCCN(C)C,*CC(*)C(=O)OCC(CC)CCCC,*SC(=S)SC(C)C(=O)O,2,1,170.34,0,0,0,4.9272,9,12,0,56.4385619,159.229,29.54,0,3,0.7472,4,11,0,121.2604657,186.295,26.3,0,2,3.156,7,13,0,132.0519685,182.291,37.3,2,3,1.4074,2,9,0,133.7744375,3.139564266
100,207,*CCCCCCCCCCCC,*CC(*)(C)C(=O)OCCN(C)C,*CC(*)C(=O)OCC(CC)CCCC,*SC(=S)SC(C)C(=O)O,2,0.5,170.34,0,0,0,4.9272,9,12,0,56.4385619,159.229,29.54,0,3,0.7472,4,11,0,121.2604657,186.295,26.3,0,2,3.156,7,13,0,132.0519685,182.291,37.3,2,3,1.4074,2,9,0,133.7744375,3.683317262
100,208,*CCCCCCCCCCCC,*CC(*)(C)C(=O)OCCN(C)C,*CC(*)C(=O)OCC(CC)CCCC,*SC(=S)SC(C)C(=O)O,5,2,170.34,0,0,0,4.9272,9,12,0,56.4385619,159.229,29.54,0,3,0.7472,4,11,0,121.2604657,186.295,26.3,0,2,3.156,7,13,0,132.0519685,182.291,37.3,2,3,1.4074,2,9,0,133.7744375,3.965624967
100,209,*CCCCCCCCCCCC,*CC(*)(C)C(=O)OCCN(C)C,*CC(*)C(=O)OCC(CC)CCCC,*SC(=S)SC(C)C(=O)O,5,1,170.34,0,0,0,4.9272,9,12,0,56.4385619,159.229,29.54,0,3,0.7472,4,11,0,121.2604657,186.295,26.3,0,2,3.156,7,13,0,132.0519685,182.291,37.3,2,3,1.4074,2,9,0,133.7744375,4.863857962
100,210,*CCCCCCCCCCCC,*CC(*)(C)C(=O)OCCN(C)C,*CC(*)C(=O)OCC(CC)CCCC,*SC(=S)SC(C)C(=O)O,5,0.5,170.34,0,0,0,4.9272,9,12,0,56.4385619,159.229,29.54,0,3,0.7472,4,11,0,121.2604657,186.295,26.3,0,2,3.156,7,13,0,132.0519685,182.291,37.3,2,3,1.4074,2,9,0,133.7744375,3.015778756
100,211,*CCCCCCCCCCCC,*CC(*)(C)C(=O)OCCN(C)C,*CC(*)C(=O)OCC(CC)CCCC,*SC(=S)SC(C)C(=O)O,10,2,170.34,0,0,0,4.9272,9,12,0,56.4385619,159.229,29.54,0,3,0.7472,4,11,0,121.2604657,186.295,26.3,0,2,3.156,7,13,0,132.0519685,182.291,37.3,2,3,1.4074,2,9,0,133.7744375,3.494224187
100,212,*CCCCCCCCCCCC,*CC(*)(C)C(=O)OCCN(C)C,*CC(*)C(=O)OCC(CC)CCCC,*SC(=S)SC(C)C(=O)O,10,1,170.34,0,0,0,4.9272,9,12,0,56.4385619,159.229,29.54,0,3,0.7472,4,11,0,121.2604657,186.295,26.3,0,2,3.156,7,13,0,132.0519685,182.291,37.3,2,3,1.4074,2,9,0,133.7744375,5.74164276
100,213,*CCCCCCCCCCCC,*CC(*)(C)C(=O)OCCN(C)C,*CC(*)C(=O)OCC(CC)CCCC,*SC(=S)SC(C)C(=O)O,10,0.5,170.34,0,0,0,4.9272,9,12,0,56.4385619,159.229,29.54,0,3,0.7472,4,11,0,121.2604657,186.295,26.3,0,2,3.156,7,13,0,132.0519685,182.291,37.3,2,3,1.4074,2,9,0,133.7744375,5.412992799
100,214,*CCCCCCCCCCCC,*CC(*)(C)C(=O)OCCN(C)C,*CC(*)C(=O)OCC(CC)CCCC,*SC(=S)SC(C)C(=O)O,20,2,170.34,0,0,0,4.9272,9,12,0,56.4385619,159.229,29.54,0,3,0.7472,4,11,0,121.2604657,186.295,26.3,0,2,3.156,7,13,0,132.0519685,182.291,37.3,2,3,1.4074,2,9,0,133.7744375,5.280747912
100,215,*CCCCCCCCCCCC,*CC(*)(C)C(=O)OCCN(C)C,*CC(*)C(=O)OCC(CC)CCCC,*SC(=S)SC(C)C(=O)O,20,1,170.34,0,0,0,4.9272,9,12,0,56.4385619,159.229,29.54,0,3,0.7472,4,11,0,121.2604657,186.295,26.3,0,2,3.156,7,13,0,132.0519685,182.291,37.3,2,3,1.4074,2,9,0,133.7744375,5.167953538
100,216,*CCCCCCCCCCCC,*CC(*)(C)C(=O)OCCN(C)C,*CC(*)C(=O)OCC(CC)CCCC,*SC(=S)SC(C)C(=O)O,20,0.5,170.34,0,0,0,4.9272,9,12,0,56.4385619,159.229,29.54,0,3,0.7472,4,11,0,121.2604657,186.295,26.3,0,2,3.156,7,13,0,132.0519685,182.291,37.3,2,3,1.4074,2,9,0,133.7744375,4.758533422
100,217,*CCCCCCCCCCCC,*CC(*)C(=O)OCCN(C)C,*CC(*)C(=O)OCCOc1ccccc1,*SC(=S)SC(C)C(=O)O,2,2,170.34,0,0,0,4.9272,9,12,0,56.4385619,145.202,29.54,0,3,0.5012,4,10,0,101.7792292,194.23,35.53,0,3,2.0186,5,14,1,269.1209499,182.291,37.3,2,3,1.4074,2,9,0,133.7744375,2.725094521
100,218,*CCCCCCCCCCCC,*CC(*)C(=O)OCCN(C)C,*CC(*)C(=O)OCCOc1ccccc1,*SC(=S)SC(C)C(=O)O,2,1,170.34,0,0,0,4.9272,9,12,0,56.4385619,145.202,29.54,0,3,0.5012,4,10,0,101.7792292,194.23,35.53,0,3,2.0186,5,14,1,269.1209499,182.291,37.3,2,3,1.4074,2,9,0,133.7744375,2.550839605
100,219,*CCCCCCCCCCCC,*CC(*)C(=O)OCCN(C)C,*CC(*)C(=O)OCCOc1ccccc1,*SC(=S)SC(C)C(=O)O,2,0.5,170.34,0,0,0,4.9272,9,12,0,56.4385619,145.202,29.54,0,3,0.5012,4,10,0,101.7792292,194.23,35.53,0,3,2.0186,5,14,1,269.1209499,182.291,37.3,2,3,1.4074,2,9,0,133.7744375,2.954483717
100,220,*CCCCCCCCCCCC,*CC(*)C(=O)OCCN(C)C,*CC(*)C(=O)OCCOc1ccccc1,*SC(=S)SC(C)C(=O)O,5,2,170.34,0,0,0,4.9272,9,12,0,56.4385619,145.202,29.54,0,3,0.5012,4,10,0,101.7792292,194.23,35.53,0,3,2.0186,5,14,1,269.1209499,182.291,37.3,2,3,1.4074,2,9,0,133.7744375,2.478566496
100,221,*CCCCCCCCCCCC,*CC(*)C(=O)OCCN(C)C,*CC(*)C(=O)OCCOc1ccccc1,*SC(=S)SC(C)C(=O)O,5,1,170.34,0,0,0,4.9272,9,12,0,56.4385619,145.202,29.54,0,3,0.5012,4,10,0,101.7792292,194.23,35.53,0,3,2.0186,5,14,1,269.1209499,182.291,37.3,2,3,1.4074,2,9,0,133.7744375,3.341632336
100,222,*CCCCCCCCCCCC,*CC(*)C(=O)OCCN(C)C,*CC(*)C(=O)OCCOc1ccccc1,*SC(=S)SC(C)C(=O)O,5,0.5,170.34,0,0,0,4.9272,9,12,0,56.4385619,145.202,29.54,0,3,0.5012,4,10,0,101.7792292,194.23,35.53,0,3,2.0186,5,14,1,269.1209499,182.291,37.3,2,3,1.4074,2,9,0,133.7744375,6.07776041
100,223,*CCCCCCCCCCCC,*CC(*)C(=O)OCCN(C)C,*CC(*)C(=O)OCCOc1ccccc1,*SC(=S)SC(C)C(=O)O,10,2,170.34,0,0,0,4.9272,9,12,0,56.4385619,145.202,29.54,0,3,0.5012,4,10,0,101.7792292,194.23,35.53,0,3,2.0186,5,14,1,269.1209499,182.291,37.3,2,3,1.4074,2,9,0,133.7744375,3.447855444
100,224,*CCCCCCCCCCCC,*CC(*)C(=O)OCCN(C)C,*CC(*)C(=O)OCCOc1ccccc1,*SC(=S)SC(C)C(=O)O,10,1,170.34,0,0,0,4.9272,9,12,0,56.4385619,145.202,29.54,0,3,0.5012,4,10,0,101.7792292,194.23,35.53,0,3,2.0186,5,14,1,269.1209499,182.291,37.3,2,3,1.4074,2,9,0,133.7744375,2.842921121
100,225,*CCCCCCCCCCCC,*CC(*)C(=O)OCCN(C)C,*CC(*)C(=O)OCCOc1ccccc1,*SC(=S)SC(C)C(=O)O,10,0.5,170.34,0,0,0,4.9272,9,12,0,56.4385619,145.202,29.54,0,3,0.5012,4,10,0,101.7792292,194.23,35.53,0,3,2.0186,5,14,1,269.1209499,182.291,37.3,2,3,1.4074,2,9,0,133.7744375,2.649334859
100,226,*CCCCCCCCCCCC,*CC(*)C(=O)OCCN(C)C,*CC(*)C(=O)OCCOc1ccccc1,*SC(=S)SC(C)C(=O)O,20,2,170.34,0,0,0,4.9272,9,12,0,56.4385619,145.202,29.54,0,3,0.5012,4,10,0,101.7792292,194.23,35.53,0,3,2.0186,5,14,1,269.1209499,182.291,37.3,2,3,1.4074,2,9,0,133.7744375,2.352182518
100,227,*CCCCCCCCCCCC,*CC(*)C(=O)OCCN(C)C,*CC(*)C(=O)OCCOc1ccccc1,*SC(=S)SC(C)C(=O)O,20,1,170.34,0,0,0,4.9272,9,12,0,56.4385619,145.202,29.54,0,3,0.5012,4,10,0,101.7792292,194.23,35.53,0,3,2.0186,5,14,1,269.1209499,182.291,37.3,2,3,1.4074,2,9,0,133.7744375,2.552668216
100,228,*CCCCCCCCCCCC,*CC(*)C(=O)OCCN(C)C,*CC(*)C(=O)OCCOc1ccccc1,*SC(=S)SC(C)C(=O)O,20,0.5,170.34,0,0,0,4.9272,9,12,0,56.4385619,145.202,29.54,0,3,0.5012,4,10,0,101.7792292,194.23,35.53,0,3,2.0186,5,14,1,269.1209499,182.291,37.3,2,3,1.4074,2,9,0,133.7744375,4.037406576
100,229,*CCCCCCCCCCCC,*CC(*)C(=O)OCCN(C)C,*CC(*)(C)C(=O)OCCCCCC,*SC(=S)SC(C)C(=O)O,2,2,170.34,0,0,0,4.9272,9,12,0,56.4385619,145.202,29.54,0,3,0.5012,4,10,0,101.7792292,172.268,26.3,0,2,2.7659,6,12,0,119.0069869,182.291,37.3,2,3,1.4074,2,9,0,133.7744375,2.89181612
100,230,*CCCCCCCCCCCC,*CC(*)C(=O)OCCN(C)C,*CC(*)(C)C(=O)OCCCCCC,*SC(=S)SC(C)C(=O)O,2,1,170.34,0,0,0,4.9272,9,12,0,56.4385619,145.202,29.54,0,3,0.5012,4,10,0,101.7792292,172.268,26.3,0,2,2.7659,6,12,0,119.0069869,182.291,37.3,2,3,1.4074,2,9,0,133.7744375,2.775610448
100,231,*CCCCCCCCCCCC,*CC(*)C(=O)OCCN(C)C,*CC(*)(C)C(=O)OCCCCCC,*SC(=S)SC(C)C(=O)O,2,0.5,170.34,0,0,0,4.9272,9,12,0,56.4385619,145.202,29.54,0,3,0.5012,4,10,0,101.7792292,172.268,26.3,0,2,2.7659,6,12,0,119.0069869,182.291,37.3,2,3,1.4074,2,9,0,133.7744375,3.003245055
100,232,*CCCCCCCCCCCC,*CC(*)C(=O)OCCN(C)C,*CC(*)(C)C(=O)OCCCCCC,*SC(=S)SC(C)C(=O)O,5,2,170.34,0,0,0,4.9272,9,12,0,56.4385619,145.202,29.54,0,3,0.5012,4,10,0,101.7792292,172.268,26.3,0,2,2.7659,6,12,0,119.0069869,182.291,37.3,2,3,1.4074,2,9,0,133.7744375,2.850646235
100,233,*CCCCCCCCCCCC,*CC(*)C(=O)OCCN(C)C,*CC(*)(C)C(=O)OCCCCCC,*SC(=S)SC(C)C(=O)O,5,1,170.34,0,0,0,4.9272,9,12,0,56.4385619,145.202,29.54,0,3,0.5012,4,10,0,101.7792292,172.268,26.3,0,2,2.7659,6,12,0,119.0069869,182.291,37.3,2,3,1.4074,2,9,0,133.7744375,4.034808874
100,234,*CCCCCCCCCCCC,*CC(*)C(=O)OCCN(C)C,*CC(*)(C)C(=O)OCCCCCC,*SC(=S)SC(C)C(=O)O,5,0.5,170.34,0,0,0,4.9272,9,12,0,56.4385619,145.202,29.54,0,3,0.5012,4,10,0,101.7792292,172.268,26.3,0,2,2.7659,6,12,0,119.0069869,182.291,37.3,2,3,1.4074,2,9,0,133.7744375,4.028571253
100,235,*CCCCCCCCCCCC,*CC(*)C(=O)OCCN(C)C,*CC(*)(C)C(=O)OCCCCCC,*SC(=S)SC(C)C(=O)O,10,2,170.34,0,0,0,4.9272,9,12,0,56.4385619,145.202,29.54,0,3,0.5012,4,10,0,101.7792292,172.268,26.3,0,2,2.7659,6,12,0,119.0069869,182.291,37.3,2,3,1.4074,2,9,0,133.7744375,3.503790683
100,236,*CCCCCCCCCCCC,*CC(*)C(=O)OCCN(C)C,*CC(*)(C)C(=O)OCCCCCC,*SC(=S)SC(C)C(=O)O,10,1,170.34,0,0,0,4.9272,9,12,0,56.4385619,145.202,29.54,0,3,0.5012,4,10,0,101.7792292,172.268,26.3,0,2,2.7659,6,12,0,119.0069869,182.291,37.3,2,3,1.4074,2,9,0,133.7744375,3.499412126
100,237,*CCCCCCCCCCCC,*CC(*)C(=O)OCCN(C)C,*CC(*)(C)C(=O)OCCCCCC,*SC(=S)SC(C)C(=O)O,10,0.5,170.34,0,0,0,4.9272,9,12,0,56.4385619,145.202,29.54,0,3,0.5012,4,10,0,101.7792292,172.268,26.3,0,2,2.7659,6,12,0,119.0069869,182.291,37.3,2,3,1.4074,2,9,0,133.7744375,4.401900037
100,238,*CCCCCCCCCCCC,*CC(*)C(=O)OCCN(C)C,*CC(*)(C)C(=O)OCCCCCC,*SC(=S)SC(C)C(=O)O,20,2,170.34,0,0,0,4.9272,9,12,0,56.4385619,145.202,29.54,0,3,0.5012,4,10,0,101.7792292,172.268,26.3,0,2,2.7659,6,12,0,119.0069869,182.291,37.3,2,3,1.4074,2,9,0,133.7744375,4.151323875
100,239,*CCCCCCCCCCCC,*CC(*)C(=O)OCCN(C)C,*CC(*)(C)C(=O)OCCCCCC,*SC(=S)SC(C)C(=O)O,20,1,170.34,0,0,0,4.9272,9,12,0,56.4385619,145.202,29.54,0,3,0.5012,4,10,0,101.7792292,172.268,26.3,0,2,2.7659,6,12,0,119.0069869,182.291,37.3,2,3,1.4074,2,9,0,133.7744375,3.129850951
100,240,*CCCCCCCCCCCC,*CC(*)C(=O)OCCN(C)C,*CC(*)(C)C(=O)OCCCCCC,*SC(=S)SC(C)C(=O)O,20,0.5,170.34,0,0,0,4.9272,9,12,0,56.4385619,145.202,29.54,0,3,0.5012,4,10,0,101.7792292,172.268,26.3,0,2,2.7659,6,12,0,119.0069869,182.291,37.3,2,3,1.4074,2,9,0,133.7744375,3.516535374
100,241,*CCCCCCCCCCCC,*CC(*)C(=O)OCCN(C)C,*CC(*)C(=O)OCC(CC)CCCC,*SC(=S)SC(C)C(=O)O,2,2,170.34,0,0,0,4.9272,9,12,0,56.4385619,145.202,29.54,0,3,0.5012,4,10,0,101.7792292,186.295,26.3,0,2,3.156,7,13,0,132.0519685,182.291,37.3,2,3,1.4074,2,9,0,133.7744375,2.524396122
100,242,*CCCCCCCCCCCC,*CC(*)C(=O)OCCN(C)C,*CC(*)C(=O)OCC(CC)CCCC,*SC(=S)SC(C)C(=O)O,2,1,170.34,0,0,0,4.9272,9,12,0,56.4385619,145.202,29.54,0,3,0.5012,4,10,0,101.7792292,186.295,26.3,0,2,3.156,7,13,0,132.0519685,182.291,37.3,2,3,1.4074,2,9,0,133.7744375,3.799168176
100,243,*CCCCCCCCCCCC,*CC(*)C(=O)OCCN(C)C,*CC(*)C(=O)OCC(CC)CCCC,*SC(=S)SC(C)C(=O)O,2,0.5,170.34,0,0,0,4.9272,9,12,0,56.4385619,145.202,29.54,0,3,0.5012,4,10,0,101.7792292,186.295,26.3,0,2,3.156,7,13,0,132.0519685,182.291,37.3,2,3,1.4074,2,9,0,133.7744375,4.373840327
100,244,*CCCCCCCCCCCC,*CC(*)C(=O)OCCN(C)C,*CC(*)C(=O)OCC(CC)CCCC,*SC(=S)SC(C)C(=O)O,5,2,170.34,0,0,0,4.9272,9,12,0,56.4385619,145.202,29.54,0,3,0.5012,4,10,0,101.7792292,186.295,26.3,0,2,3.156,7,13,0,132.0519685,182.291,37.3,2,3,1.4074,2,9,0,133.7744375,3.191031609
100,245,*CCCCCCCCCCCC,*CC(*)C(=O)OCCN(C)C,*CC(*)C(=O)OCC(CC)CCCC,*SC(=S)SC(C)C(=O)O,5,1,170.34,0,0,0,4.9272,9,12,0,56.4385619,145.202,29.54,0,3,0.5012,4,10,0,101.7792292,186.295,26.3,0,2,3.156,7,13,0,132.0519685,182.291,37.3,2,3,1.4074,2,9,0,133.7744375,4.642528819
100,246,*CCCCCCCCCCCC,*CC(*)C(=O)OCCN(C)C,*CC(*)C(=O)OCC(CC)CCCC,*SC(=S)SC(C)C(=O)O,5,0.5,170.34,0,0,0,4.9272,9,12,0,56.4385619,145.202,29.54,0,3,0.5012,4,10,0,101.7792292,186.295,26.3,0,2,3.156,7,13,0,132.0519685,182.291,37.3,2,3,1.4074,2,9,0,133.7744375,4.432889155
100,247,*CCCCCCCCCCCC,*CC(*)C(=O)OCCN(C)C,*CC(*)C(=O)OCC(CC)CCCC,*SC(=S)SC(C)C(=O)O,10,2,170.34,0,0,0,4.9272,9,12,0,56.4385619,145.202,29.54,0,3,0.5012,4,10,0,101.7792292,186.295,26.3,0,2,3.156,7,13,0,132.0519685,182.291,37.3,2,3,1.4074,2,9,0,133.7744375,3.366329551
100,248,*CCCCCCCCCCCC,*CC(*)C(=O)OCCN(C)C,*CC(*)C(=O)OCC(CC)CCCC,*SC(=S)SC(C)C(=O)O,10,1,170.34,0,0,0,4.9272,9,12,0,56.4385619,145.202,29.54,0,3,0.5012,4,10,0,101.7792292,186.295,26.3,0,2,3.156,7,13,0,132.0519685,182.291,37.3,2,3,1.4074,2,9,0,133.7744375,5.460703945
100,249,*CCCCCCCCCCCC,*CC(*)C(=O)OCCN(C)C,*CC(*)C(=O)OCC(CC)CCCC,*SC(=S)SC(C)C(=O)O,10,0.5,170.34,0,0,0,4.9272,9,12,0,56.4385619,145.202,29.54,0,3,0.5012,4,10,0,101.7792292,186.295,26.3,0,2,3.156,7,13,0,132.0519685,182.291,37.3,2,3,1.4074,2,9,0,133.7744375,3.743156855
100,250,*CCCCCCCCCCCC,*CC(*)C(=O)OCCN(C)C,*CC(*)C(=O)OCC(CC)CCCC,*SC(=S)SC(C)C(=O)O,20,2,170.34,0,0,0,4.9272,9,12,0,56.4385619,145.202,29.54,0,3,0.5012,4,10,0,101.7792292,186.295,26.3,0,2,3.156,7,13,0,132.0519685,182.291,37.3,2,3,1.4074,2,9,0,133.7744375,3.366796383
100,251,*CCCCCCCCCCCC,*CC(*)C(=O)OCCN(C)C,*CC(*)C(=O)OCC(CC)CCCC,*SC(=S)SC(C)C(=O)O,20,1,170.34,0,0,0,4.9272,9,12,0,56.4385619,145.202,29.54,0,3,0.5012,4,10,0,101.7792292,186.295,26.3,0,2,3.156,7,13,0,132.0519685,182.291,37.3,2,3,1.4074,2,9,0,133.7744375,5.486325612
100,252,*CCCCCCCCCCCC,*CC(*)C(=O)OCCN(C)C,*CC(*)C(=O)OCC(CC)CCCC,*SC(=S)SC(C)C(=O)O,20,0.5,170.34,0,0,0,4.9272,9,12,0,56.4385619,145.202,29.54,0,3,0.5012,4,10,0,101.7792292,186.295,26.3,0,2,3.156,7,13,0,132.0519685,182.291,37.3,2,3,1.4074,2,9,0,133.7744375,3.945394719
100,253,*CCCCCCCCCCCC,*CC(*)(C)C(=O)OCCN1CCCCC1,*CC(*)C(=O)OCCOc1ccccc1,*SC(=S)SC(C)C(=O)O,2,2,170.34,0,0,0,4.9272,9,12,0,56.4385619,199.294,29.54,0,3,1.6715,4,14,1,174.1263449,194.23,35.53,0,3,2.0186,5,14,1,269.1209499,182.291,37.3,2,3,1.4074,2,9,0,133.7744375,2.282168778
100,254,*CCCCCCCCCCCC,*CC(*)(C)C(=O)OCCN1CCCCC1,*CC(*)C(=O)OCCOc1ccccc1,*SC(=S)SC(C)C(=O)O,2,1,170.34,0,0,0,4.9272,9,12,0,56.4385619,199.294,29.54,0,3,1.6715,4,14,1,174.1263449,194.23,35.53,0,3,2.0186,5,14,1,269.1209499,182.291,37.3,2,3,1.4074,2,9,0,133.7744375,2.383815366
100,255,*CCCCCCCCCCCC,*CC(*)(C)C(=O)OCCN1CCCCC1,*CC(*)C(=O)OCCOc1ccccc1,*SC(=S)SC(C)C(=O)O,2,0.5,170.34,0,0,0,4.9272,9,12,0,56.4385619,199.294,29.54,0,3,1.6715,4,14,1,174.1263449,194.23,35.53,0,3,2.0186,5,14,1,269.1209499,182.291,37.3,2,3,1.4074,2,9,0,133.7744375,2.657533888
100,256,*CCCCCCCCCCCC,*CC(*)(C)C(=O)OCCN1CCCCC1,*CC(*)C(=O)OCCOc1ccccc1,*SC(=S)SC(C)C(=O)O,5,2,170.34,0,0,0,4.9272,9,12,0,56.4385619,199.294,29.54,0,3,1.6715,4,14,1,174.1263449,194.23,35.53,0,3,2.0186,5,14,1,269.1209499,182.291,37.3,2,3,1.4074,2,9,0,133.7744375,2.222716471
100,257,*CCCCCCCCCCCC,*CC(*)(C)C(=O)OCCN1CCCCC1,*CC(*)C(=O)OCCOc1ccccc1,*SC(=S)SC(C)C(=O)O,5,1,170.34,0,0,0,4.9272,9,12,0,56.4385619,199.294,29.54,0,3,1.6715,4,14,1,174.1263449,194.23,35.53,0,3,2.0186,5,14,1,269.1209499,182.291,37.3,2,3,1.4074,2,9,0,133.7744375,3.088844563
100,258,*CCCCCCCCCCCC,*CC(*)(C)C(=O)OCCN1CCCCC1,*CC(*)C(=O)OCCOc1ccccc1,*SC(=S)SC(C)C(=O)O,5,0.5,170.34,0,0,0,4.9272,9,12,0,56.4385619,199.294,29.54,0,3,1.6715,4,14,1,174.1263449,194.23,35.53,0,3,2.0186,5,14,1,269.1209499,182.291,37.3,2,3,1.4074,2,9,0,133.7744375,3.986301367
100,259,*CCCCCCCCCCCC,*CC(*)(C)C(=O)OCCN1CCCCC1,*CC(*)C(=O)OCCOc1ccccc1,*SC(=S)SC(C)C(=O)O,10,2,170.34,0,0,0,4.9272,9,12,0,56.4385619,199.294,29.54,0,3,1.6715,4,14,1,174.1263449,194.23,35.53,0,3,2.0186,5,14,1,269.1209499,182.291,37.3,2,3,1.4074,2,9,0,133.7744375,2.954965731
100,260,*CCCCCCCCCCCC,*CC(*)(C)C(=O)OCCN1CCCCC1,*CC(*)C(=O)OCCOc1ccccc1,*SC(=S)SC(C)C(=O)O,10,1,170.34,0,0,0,4.9272,9,12,0,56.4385619,199.294,29.54,0,3,1.6715,4,14,1,174.1263449,194.23,35.53,0,3,2.0186,5,14,1,269.1209499,182.291,37.3,2,3,1.4074,2,9,0,133.7744375,3.269979677
100,261,*CCCCCCCCCCCC,*CC(*)(C)C(=O)OCCN1CCCCC1,*CC(*)C(=O)OCCOc1ccccc1,*SC(=S)SC(C)C(=O)O,10,0.5,170.34,0,0,0,4.9272,9,12,0,56.4385619,199.294,29.54,0,3,1.6715,4,14,1,174.1263449,194.23,35.53,0,3,2.0186,5,14,1,269.1209499,182.291,37.3,2,3,1.4074,2,9,0,133.7744375,3.14113609
100,262,*CCCCCCCCCCCC,*CC(*)(C)C(=O)OCCN1CCCCC1,*CC(*)C(=O)OCCOc1ccccc1,*SC(=S)SC(C)C(=O)O,20,2,170.34,0,0,0,4.9272,9,12,0,56.4385619,199.294,29.54,0,3,1.6715,4,14,1,174.1263449,194.23,35.53,0,3,2.0186,5,14,1,269.1209499,182.291,37.3,2,3,1.4074,2,9,0,133.7744375,2.530199698
100,263,*CCCCCCCCCCCC,*CC(*)(C)C(=O)OCCN1CCCCC1,*CC(*)C(=O)OCCOc1ccccc1,*SC(=S)SC(C)C(=O)O,20,1,170.34,0,0,0,4.9272,9,12,0,56.4385619,199.294,29.54,0,3,1.6715,4,14,1,174.1263449,194.23,35.53,0,3,2.0186,5,14,1,269.1209499,182.291,37.3,2,3,1.4074,2,9,0,133.7744375,3.225567713
100,264,*CCCCCCCCCCCC,*CC(*)(C)C(=O)OCCN1CCCCC1,*CC(*)C(=O)OCCOc1ccccc1,*SC(=S)SC(C)C(=O)O,20,0.5,170.34,0,0,0,4.9272,9,12,0,56.4385619,199.294,29.54,0,3,1.6715,4,14,1,174.1263449,194.23,35.53,0,3,2.0186,5,14,1,269.1209499,182.291,37.3,2,3,1.4074,2,9,0,133.7744375,3.01389006
100,265,*CCCCCCCCCCCC,*CC(*)(C)C(=O)OCCN1CCCCC1,*CC(*)(C)C(=O)OCCCCCC,*SC(=S)SC(C)C(=O)O,2,2,170.34,0,0,0,4.9272,9,12,0,56.4385619,199.294,29.54,0,3,1.6715,4,14,1,174.1263449,172.268,26.3,0,2,2.7659,6,12,0,119.0069869,182.291,37.3,2,3,1.4074,2,9,0,133.7744375,2.331427297
100,266,*CCCCCCCCCCCC,*CC(*)(C)C(=O)OCCN1CCCCC1,*CC(*)(C)C(=O)OCCCCCC,*SC(=S)SC(C)C(=O)O,2,1,170.34,0,0,0,4.9272,9,12,0,56.4385619,199.294,29.54,0,3,1.6715,4,14,1,174.1263449,172.268,26.3,0,2,2.7659,6,12,0,119.0069869,182.291,37.3,2,3,1.4074,2,9,0,133.7744375,2.387389826
100,267,*CCCCCCCCCCCC,*CC(*)(C)C(=O)OCCN1CCCCC1,*CC(*)(C)C(=O)OCCCCCC,*SC(=S)SC(C)C(=O)O,2,0.5,170.34,0,0,0,4.9272,9,12,0,56.4385619,199.294,29.54,0,3,1.6715,4,14,1,174.1263449,172.268,26.3,0,2,2.7659,6,12,0,119.0069869,182.291,37.3,2,3,1.4074,2,9,0,133.7744375,2.822821645
100,268,*CCCCCCCCCCCC,*CC(*)(C)C(=O)OCCN1CCCCC1,*CC(*)(C)C(=O)OCCCCCC,*SC(=S)SC(C)C(=O)O,5,2,170.34,0,0,0,4.9272,9,12,0,56.4385619,199.294,29.54,0,3,1.6715,4,14,1,174.1263449,172.268,26.3,0,2,2.7659,6,12,0,119.0069869,182.291,37.3,2,3,1.4074,2,9,0,133.7744375,2.665111737
100,269,*CCCCCCCCCCCC,*CC(*)(C)C(=O)OCCN1CCCCC1,*CC(*)(C)C(=O)OCCCCCC,*SC(=S)SC(C)C(=O)O,5,1,170.34,0,0,0,4.9272,9,12,0,56.4385619,199.294,29.54,0,3,1.6715,4,14,1,174.1263449,172.268,26.3,0,2,2.7659,6,12,0,119.0069869,182.291,37.3,2,3,1.4074,2,9,0,133.7744375,2.844477176
100,270,*CCCCCCCCCCCC,*CC(*)(C)C(=O)OCCN1CCCCC1,*CC(*)(C)C(=O)OCCCCCC,*SC(=S)SC(C)C(=O)O,5,0.5,170.34,0,0,0,4.9272,9,12,0,56.4385619,199.294,29.54,0,3,1.6715,4,14,1,174.1263449,172.268,26.3,0,2,2.7659,6,12,0,119.0069869,182.291,37.3,2,3,1.4074,2,9,0,133.7744375,3.004536318
100,271,*CCCCCCCCCCCC,*CC(*)(C)C(=O)OCCN1CCCCC1,*CC(*)(C)C(=O)OCCCCCC,*SC(=S)SC(C)C(=O)O,10,2,170.34,0,0,0,4.9272,9,12,0,56.4385619,199.294,29.54,0,3,1.6715,4,14,1,174.1263449,172.268,26.3,0,2,2.7659,6,12,0,119.0069869,182.291,37.3,2,3,1.4074,2,9,0,133.7744375,2.740362689
100,272,*CCCCCCCCCCCC,*CC(*)(C)C(=O)OCCN1CCCCC1,*CC(*)(C)C(=O)OCCCCCC,*SC(=S)SC(C)C(=O)O,10,1,170.34,0,0,0,4.9272,9,12,0,56.4385619,199.294,29.54,0,3,1.6715,4,14,1,174.1263449,172.268,26.3,0,2,2.7659,6,12,0,119.0069869,182.291,37.3,2,3,1.4074,2,9,0,133.7744375,3.081887139
100,273,*CCCCCCCCCCCC,*CC(*)(C)C(=O)OCCN1CCCCC1,*CC(*)(C)C(=O)OCCCCCC,*SC(=S)SC(C)C(=O)O,10,0.5,170.34,0,0,0,4.9272,9,12,0,56.4385619,199.294,29.54,0,3,1.6715,4,14,1,174.1263449,172.268,26.3,0,2,2.7659,6,12,0,119.0069869,182.291,37.3,2,3,1.4074,2,9,0,133.7744375,2.748962861
100,274,*CCCCCCCCCCCC,*CC(*)(C)C(=O)OCCN1CCCCC1,*CC(*)(C)C(=O)OCCCCCC,*SC(=S)SC(C)C(=O)O,20,2,170.34,0,0,0,4.9272,9,12,0,56.4385619,199.294,29.54,0,3,1.6715,4,14,1,174.1263449,172.268,26.3,0,2,2.7659,6,12,0,119.0069869,182.291,37.3,2,3,1.4074,2,9,0,133.7744375,2.146128036
100,275,*CCCCCCCCCCCC,*CC(*)(C)C(=O)OCCN1CCCCC1,*CC(*)(C)C(=O)OCCCCCC,*SC(=S)SC(C)C(=O)O,20,1,170.34,0,0,0,4.9272,9,12,0,56.4385619,199.294,29.54,0,3,1.6715,4,14,1,174.1263449,172.268,26.3,0,2,2.7659,6,12,0,119.0069869,182.291,37.3,2,3,1.4074,2,9,0,133.7744375,2.923761961
100,276,*CCCCCCCCCCCC,*CC(*)(C)C(=O)OCCN1CCCCC1,*CC(*)(C)C(=O)OCCCCCC,*SC(=S)SC(C)C(=O)O,20,0.5,170.34,0,0,0,4.9272,9,12,0,56.4385619,199.294,29.54,0,3,1.6715,4,14,1,174.1263449,172.268,26.3,0,2,2.7659,6,12,0,119.0069869,182.291,37.3,2,3,1.4074,2,9,0,133.7744375,2.741939078
100,277,*CCCCCCCCCCCC,*CC(*)(C)C(=O)OCCN1CCCCC1,*CC(*)C(=O)OCC(CC)CCCC,*SC(=S)SC(C)C(=O)O,2,2,170.34,0,0,0,4.9272,9,12,0,56.4385619,199.294,29.54,0,3,1.6715,4,14,1,174.1263449,186.295,26.3,0,2,3.156,7,13,0,132.0519685,182.291,37.3,2,3,1.4074,2,9,0,133.7744375,2.762303363
100,278,*CCCCCCCCCCCC,*CC(*)(C)C(=O)OCCN1CCCCC1,*CC(*)C(=O)OCC(CC)CCCC,*SC(=S)SC(C)C(=O)O,2,1,170.34,0,0,0,4.9272,9,12,0,56.4385619,199.294,29.54,0,3,1.6715,4,14,1,174.1263449,186.295,26.3,0,2,3.156,7,13,0,132.0519685,182.291,37.3,2,3,1.4074,2,9,0,133.7744375,2.485721426
100,279,*CCCCCCCCCCCC,*CC(*)(C)C(=O)OCCN1CCCCC1,*CC(*)C(=O)OCC(CC)CCCC,*SC(=S)SC(C)C(=O)O,2,0.5,170.34,0,0,0,4.9272,9,12,0,56.4385619,199.294,29.54,0,3,1.6715,4,14,1,174.1263449,186.295,26.3,0,2,3.156,7,13,0,132.0519685,182.291,37.3,2,3,1.4074,2,9,0,133.7744375,2.653694795
100,280,*CCCCCCCCCCCC,*CC(*)(C)C(=O)OCCN1CCCCC1,*CC(*)C(=O)OCC(CC)CCCC,*SC(=S)SC(C)C(=O)O,5,2,170.34,0,0,0,4.9272,9,12,0,56.4385619,199.294,29.54,0,3,1.6715,4,14,1,174.1263449,186.295,26.3,0,2,3.156,7,13,0,132.0519685,182.291,37.3,2,3,1.4074,2,9,0,133.7744375,3.045714059
100,281,*CCCCCCCCCCCC,*CC(*)(C)C(=O)OCCN1CCCCC1,*CC(*)C(=O)OCC(CC)CCCC,*SC(=S)SC(C)C(=O)O,5,1,170.34,0,0,0,4.9272,9,12,0,56.4385619,199.294,29.54,0,3,1.6715,4,14,1,174.1263449,186.295,26.3,0,2,3.156,7,13,0,132.0519685,182.291,37.3,2,3,1.4074,2,9,0,133.7744375,3.400969479
100,282,*CCCCCCCCCCCC,*CC(*)(C)C(=O)OCCN1CCCCC1,*CC(*)C(=O)OCC(CC)CCCC,*SC(=S)SC(C)C(=O)O,5,0.5,170.34,0,0,0,4.9272,9,12,0,56.4385619,199.294,29.54,0,3,1.6715,4,14,1,174.1263449,186.295,26.3,0,2,3.156,7,13,0,132.0519685,182.291,37.3,2,3,1.4074,2,9,0,133.7744375,2.839478047
100,283,*CCCCCCCCCCCC,*CC(*)(C)C(=O)OCCN1CCCCC1,*CC(*)C(=O)OCC(CC)CCCC,*SC(=S)SC(C)C(=O)O,10,2,170.34,0,0,0,4.9272,9,12,0,56.4385619,199.294,29.54,0,3,1.6715,4,14,1,174.1263449,186.295,26.3,0,2,3.156,7,13,0,132.0519685,182.291,37.3,2,3,1.4074,2,9,0,133.7744375,2.513883186
100,284,*CCCCCCCCCCCC,*CC(*)(C)C(=O)OCCN1CCCCC1,*CC(*)C(=O)OCC(CC)CCCC,*SC(=S)SC(C)C(=O)O,10,1,170.34,0,0,0,4.9272,9,12,0,56.4385619,199.294,29.54,0,3,1.6715,4,14,1,174.1263449,186.295,26.3,0,2,3.156,7,13,0,132.0519685,182.291,37.3,2,3,1.4074,2,9,0,133.7744375,2.935003151
100,285,*CCCCCCCCCCCC,*CC(*)(C)C(=O)OCCN1CCCCC1,*CC(*)C(=O)OCC(CC)CCCC,*SC(=S)SC(C)C(=O)O,10,0.5,170.34,0,0,0,4.9272,9,12,0,56.4385619,199.294,29.54,0,3,1.6715,4,14,1,174.1263449,186.295,26.3,0,2,3.156,7,13,0,132.0519685,182.291,37.3,2,3,1.4074,2,9,0,133.7744375,2.635483747
100,286,*CCCCCCCCCCCC,*CC(*)(C)C(=O)OCCN1CCCCC1,*CC(*)C(=O)OCC(CC)CCCC,*SC(=S)SC(C)C(=O)O,20,2,170.34,0,0,0,4.9272,9,12,0,56.4385619,199.294,29.54,0,3,1.6715,4,14,1,174.1263449,186.295,26.3,0,2,3.156,7,13,0,132.0519685,182.291,37.3,2,3,1.4074,2,9,0,133.7744375,2.511883361
100,287,*CCCCCCCCCCCC,*CC(*)(C)C(=O)OCCN1CCCCC1,*CC(*)C(=O)OCC(CC)CCCC,*SC(=S)SC(C)C(=O)O,20,1,170.34,0,0,0,4.9272,9,12,0,56.4385619,199.294,29.54,0,3,1.6715,4,14,1,174.1263449,186.295,26.3,0,2,3.156,7,13,0,132.0519685,182.291,37.3,2,3,1.4074,2,9,0,133.7744375,3.392960615
100,288,*CCCCCCCCCCCC,*CC(*)(C)C(=O)OCCN1CCCCC1,*CC(*)C(=O)OCC(CC)CCCC,*SC(=S)SC(C)C(=O)O,20,0.5,170.34,0,0,0,4.9272,9,12,0,56.4385619,199.294,29.54,0,3,1.6715,4,14,1,174.1263449,186.295,26.3,0,2,3.156,7,13,0,132.0519685,182.291,37.3,2,3,1.4074,2,9,0,133.7744375,3.005180513
100,289,*CCCCCCCCCCCC,*CC(*)(C)C(=O)OCCN(C)C,*CC(*)C(=O)OCC(CC)CCCC,*SC(=S)SC(C)(C#N)CCC(=O)O,30,1,170.34,0,0,0,4.9272,9,12,0,56.4385619,159.229,29.54,0,3,0.7472,4,11,0,121.2604657,186.295,26.3,0,2,3.156,7,13,0,132.0519685,235.355,61.09,2,4,2.08138,4,13,0,260.9534945,5.808036558
100,290,*CCCCCCCCCCCC,*CC(*)(C)C(=O)OCCN(C)C,*CC(*)C(=O)OCC(CC)CCCC,*SC(=S)SC(C)(C#N)CCC(=O)O,40,1,170.34,0,0,0,4.9272,9,12,0,56.4385619,159.229,29.54,0,3,0.7472,4,11,0,121.2604657,186.295,26.3,0,2,3.156,7,13,0,132.0519685,235.355,61.09,2,4,2.08138,4,13,0,260.9534945,5.57723601
100,291,*CCCCCCCCCCCC,*CC(*)(C)C(=O)OCCN(C)C,*CC(*)C(=O)OCC(CC)CCCC,*SC(=S)SC(C)(C#N)CCC(=O)O,50,1,170.34,0,0,0,4.9272,9,12,0,56.4385619,159.229,29.54,0,3,0.7472,4,11,0,121.2604657,186.295,26.3,0,2,3.156,7,13,0,132.0519685,235.355,61.09,2,4,2.08138,4,13,0,260.9534945,5.504593618
100,292,*CCCCCCCCCCCC,*CC(*)(C)C(=O)OCCN1CCCCC1,*CC(*)C(=O)OCC(CC)CCCC,*SC(=S)SC(C)(C#N)CCC(=O)O,30,1,170.34,0,0,0,4.9272,9,12,0,56.4385619,199.294,29.54,0,3,1.6715,4,14,1,174.1263449,186.295,26.3,0,2,3.156,7,13,0,132.0519685,235.355,61.09,2,4,2.08138,4,13,0,260.9534945,3.125624994
100,293,*CCCCCCCCCCCC,*CC(*)(C)C(=O)OCCN1CCCCC1,*CC(*)C(=O)OCC(CC)CCCC,*SC(=S)SC(C)(C#N)CCC(=O)O,40,1,170.34,0,0,0,4.9272,9,12,0,56.4385619,199.294,29.54,0,3,1.6715,4,14,1,174.1263449,186.295,26.3,0,2,3.156,7,13,0,132.0519685,235.355,61.09,2,4,2.08138,4,13,0,260.9534945,3.750839421
100,294,*CCCCCCCCCCCC,*CC(*)(C)C(=O)OCCN1CCCCC1,*CC(*)C(=O)OCC(CC)CCCC,*SC(=S)SC(C)(C#N)CCC(=O)O,50,1,170.34,0,0,0,4.9272,9,12,0,56.4385619,199.294,29.54,0,3,1.6715,4,14,1,174.1263449,186.295,26.3,0,2,3.156,7,13,0,132.0519685,235.355,61.09,2,4,2.08138,4,13,0,260.9534945,4.079867503
100,295,*CCCCCCCCCCCC,*CC(*)(C)C(=O)OCCN(C)C,*CC(*)(C)C(=O)OCCCCC=CCC=CCCCCCCCCC,*SC(=S)SC(C)(C#N)CCC(=O)O,40,1,170.34,0,0,0,4.9272,9,12,0,56.4385619,159.229,29.54,0,3,0.7472,4,11,0,121.2604657,336.56,26.3,0,2,6.9991,16,24,0,328.8616163,235.355,61.09,2,4,2.08138,4,13,0,260.9534945,4.104869772
100,296,*CCCCCCCCCCCC,*CC(*)(C)C(=O)OCCN(C)C,*CC(*)(C)C(=O)OCCCCC=CCC=CCCCCCCCCC,*SC(=S)SC(C)(C#N)CCC(=O)O,50,1,170.34,0,0,0,4.9272,9,12,0,56.4385619,159.229,29.54,0,3,0.7472,4,11,0,121.2604657,336.56,26.3,0,2,6.9991,16,24,0,328.8616163,235.355,61.09,2,4,2.08138,4,13,0,260.9534945,4.491469396
100,297,*CCCCCCCCCCCC,*CC(*)(C)C(=O)OCCN(C)C,*CC(*)C(=O)OCCOCCOCC,*SC(=S)SC(C)(C#N)CCC(=O)O,10,2,170.34,0,0,0,4.9272,9,12,0,56.4385619,159.229,29.54,0,3,0.7472,4,11,0,121.2604657,190.239,44.76,0,4,0.9927,8,13,0,124.7831092,235.355,61.09,2,4,2.08138,4,13,0,260.9534945,3.822106197
100,298,*CCCCCCCCCCCC,*CC(*)(C)C(=O)OCCN(C)C,*CC(*)C(=O)OCCOCCOCC,*SC(=S)SC(C)(C#N)CCC(=O)O,40,1,170.34,0,0,0,4.9272,9,12,0,56.4385619,159.229,29.54,0,3,0.7472,4,11,0,121.2604657,190.239,44.76,0,4,0.9927,8,13,0,124.7831092,235.355,61.09,2,4,2.08138,4,13,0,260.9534945,2.836829454
100,299,*CCCCCCCCCCCC,*CC(*)(C)C(=O)OCCN1CCCCC1,*CC(*)C(=O)OCC(CC)CCCC,*SC(=S)SC(C)(C#N)CCC(=O)O,50,1,170.34,0,0,0,4.9272,9,12,0,56.4385619,199.294,29.54,0,3,1.6715,4,14,1,174.1263449,186.295,26.3,0,2,3.156,7,13,0,132.0519685,235.355,61.09,2,4,2.08138,4,13,0,260.9534945,3.018249547
100,300,*CCCCCCCCCCCC,*CC(*)(C)C(=O)OCCN1CCCCC1,*CC(*)(C)C(=O)OCCCCC=CCC=CCCCCCCCCC,*SC(=S)SC(C)(C#N)CCC(=O)O,5,1,170.34,0,0,0,4.9272,9,12,0,56.4385619,199.294,29.54,0,3,1.6715,4,14,1,174.1263449,336.56,26.3,0,2,6.9991,16,24,0,328.8616163,235.355,61.09,2,4,2.08138,4,13,0,260.9534945,2.519409042
100,301,*CCCCCCCCCCCC,*CC(*)(C)C(=O)OCCCN1CCCC1,*CC(*)C(=O)OCC(CC)CCCC,*SC(=S)SC(C)(C#N)CCC(=O)O,5,1,170.34,0,0,0,4.9272,9,12,0,56.4385619,199.294,29.54,0,3,1.6715,5,14,1,174.1263449,186.295,26.3,0,2,3.156,7,13,0,132.0519685,235.355,61.09,2,4,2.08138,4,13,0,260.9534945,4.80824276
100,302,*CCCCCCCCCCCC,*CC(*)(C)C(=O)OCCCN1CCCC1,*CC(*)C(=O)OCC(CC)CCCC,*SC(=S)SC(C)(C#N)CCC(=O)O,50,1,170.34,0,0,0,4.9272,9,12,0,56.4385619,199.294,29.54,0,3,1.6715,5,14,1,174.1263449,186.295,26.3,0,2,3.156,7,13,0,132.0519685,235.355,61.09,2,4,2.08138,4,13,0,260.9534945,4.462941606
100,303,*CCCCCCCCCCCC,*CC(*)(C)C(=O)OCCN1CCCCCC1,*CC(*)C(=O)OCC(CC)CCCC,*SC(=S)SC(C)(C#N)CCC(=O)O,5,1,170.34,0,0,0,4.9272,9,12,0,56.4385619,213.321,29.54,0,3,2.0616,4,15,1,184.0611407,186.295,26.3,0,2,3.156,7,13,0,132.0519685,235.355,61.09,2,4,2.08138,4,13,0,260.9534945,5.333656638
100,304,*CCCCCCCCCCCC,*CC(*)(C)C(=O)OCCN1CCCCCC1,*CC(*)C(=O)OCC(CC)CCCC,*SC(=S)SC(C)(C#N)CCC(=O)O,50,1,170.34,0,0,0,4.9272,9,12,0,56.4385619,213.321,29.54,0,3,2.0616,4,15,1,184.0611407,186.295,26.3,0,2,3.156,7,13,0,132.0519685,235.355,61.09,2,4,2.08138,4,13,0,260.9534945,3.271753029
100,305,*CCCCCCCCCCCC,*CC(*)(C)C(=O)OCCN1CCCCCC1,*CC(*)(C)C(=O)OCCCCCC,*SC(=S)SC(C)(C#N)CCC(=O)O,5,1,170.34,0,0,0,4.9272,9,12,0,56.4385619,213.321,29.54,0,3,2.0616,4,15,1,184.0611407,172.268,26.3,0,2,2.7659,6,12,0,119.0069869,235.355,61.09,2,4,2.08138,4,13,0,260.9534945,4.080785673
100,306,*CCCCCCCCCCCC,*CC(*)(C)C(=O)OCCN1CCCCCC1,*CC(*)(C)C(=O)OCCCCCC,*SC(=S)SC(C)(C#N)CCC(=O)O,50,1,170.34,0,0,0,4.9272,9,12,0,56.4385619,213.321,29.54,0,3,2.0616,4,15,1,184.0611407,172.268,26.3,0,2,2.7659,6,12,0,119.0069869,235.355,61.09,2,4,2.08138,4,13,0,260.9534945,2.767193526
100,307,*CCCCCCCCCCCC,*CC(*)(C)C(=O)OCCN,*CC(*)C(=O)OCC(CC)CCCC,*SC(=S)SC(C)(C#N)CCC(=O)O,10,1,170.34,0,0,0,4.9272,9,12,0,56.4385619,131.175,52.32,1,3,0.1443,3,9,0,91.05865003,186.295,26.3,0,2,3.156,7,13,0,132.0519685,235.355,61.09,2,4,2.08138,4,13,0,260.9534945,4.27116175
100,308,*CCCCCCCCCCCC,*CC(*)(C)C(=O)OCCN,*CC(*)C(=O)OCC(CC)CCCC,*SC(=S)SC(C)(C#N)CCC(=O)O,40,1,170.34,0,0,0,4.9272,9,12,0,56.4385619,131.175,52.32,1,3,0.1443,3,9,0,91.05865003,186.295,26.3,0,2,3.156,7,13,0,132.0519685,235.355,61.09,2,4,2.08138,4,13,0,260.9534945,4.032831547
100,309,*CCCCCCCCCCCC,*CC(*)(C)C(=O)OCCN,*CC(*)(C)C(=O)OCCCCCC,*SC(=S)SC(C)(C#N)CCC(=O)O,10,1,170.34,0,0,0,4.9272,9,12,0,56.4385619,131.175,52.32,1,3,0.1443,3,9,0,91.05865003,172.268,26.3,0,2,2.7659,6,12,0,119.0069869,235.355,61.09,2,4,2.08138,4,13,0,260.9534945,3.190795525
100,310,*CCCCCCCCCCCC,*CC(*)(C)C(=O)OCCN,*CC(*)(C)C(=O)OCCCCCC,*SC(=S)SC(C)(C#N)CCC(=O)O,50,1,170.34,0,0,0,4.9272,9,12,0,56.4385619,131.175,52.32,1,3,0.1443,3,9,0,91.05865003,172.268,26.3,0,2,2.7659,6,12,0,119.0069869,235.355,61.09,2,4,2.08138,4,13,0,260.9534945,2.943284785
100,311,*CCCCCCCCCCCC,*CC(*)(C)C(=O)OCCN(C)C,*CC(*)C(=O)OCC(CC)CCCC,*SC(=S)SC(C)C(=O)O,50,1,170.34,0,0,0,4.9272,9,12,0,56.4385619,159.229,29.54,0,3,0.7472,4,11,0,121.2604657,186.295,26.3,0,2,3.156,7,13,0,132.0519685,182.291,37.3,2,3,1.4074,2,9,0,133.7744375,3.194340806
100,312,*CCCCCCCCCCCC,*CC(*)(C)C(=O)OCCN1CCCCC1,*CC(*)C(=O)OCC(CC)CCCC,*SC(=S)SC(C)C(=O)O,50,1,170.34,0,0,0,4.9272,9,12,0,56.4385619,199.294,29.54,0,3,1.6715,4,14,1,174.1263449,186.295,26.3,0,2,3.156,7,13,0,132.0519685,182.291,37.3,2,3,1.4074,2,9,0,133.7744375,3.058678204
100,313,*CC,*CC(*)(C)C(=O)OCCN(C)C,*CC(*)C(=O)OCC(CC)CCCC,*SC(=S)SC(C)(C#N)CCC(=O)O,5,1,30.07,0,0,0,1.0262,0,2,0,0,159.229,29.54,0,3,0.7472,4,11,0,121.2604657,186.295,26.3,0,2,3.156,7,13,0,132.0519685,235.355,61.09,2,4,2.08138,4,13,0,260.9534945,5.288018687
100,314,*CC,*CC(*)(C)C(=O)OCCN(C)C,*CC(*)C(=O)OCC(CC)CCCC,*SC(=S)SC(C)(C#N)CCC(=O)O,40,1,30.07,0,0,0,1.0262,0,2,0,0,159.229,29.54,0,3,0.7472,4,11,0,121.2604657,186.295,26.3,0,2,3.156,7,13,0,132.0519685,235.355,61.09,2,4,2.08138,4,13,0,260.9534945,5.076823694
100,315,*CCCCCCCCCCCC,*CC(*)(C)C(=O)OCCN(C)C,*CC(*)C(=O)OCC(CC)CCCC,*SC(=S)SC(C)C(=O)NCCC1CCNCC1,10,1,170.34,0,0,0,4.9272,9,12,0,56.4385619,159.229,29.54,0,3,0.7472,4,11,0,121.2604657,186.295,26.3,0,2,3.156,7,13,0,132.0519685,292.495,41.13,3,4,1.8287,5,17,1,267.4421581,4.05284866
100,316,*CCCCCCCCCCCC,*CC(*)(C)C(=O)OCCN(C)C,*CC(*)C(=O)OCC(CC)CCCC,*SC(=S)SC(C)C(=O)NCCC1CCNCC1,50,1,170.34,0,0,0,4.9272,9,12,0,56.4385619,159.229,29.54,0,3,0.7472,4,11,0,121.2604657,186.295,26.3,0,2,3.156,7,13,0,132.0519685,292.495,41.13,3,4,1.8287,5,17,1,267.4421581,4.645015411
100,317,*CCCCCCCCCCCC,*CC(*)(C)C(=O)OCCN(C)C,*CC(*)C(=O)OCC(CC)CCCC,*SC(=S)SC(C)C(=O)OC1CCC2(C)C(CCC3(C)C2CC=C2C4C(C)C(C)CCC4(C(=O)O)CCC23C)C1(C)C,10,1,170.34,0,0,0,4.9272,9,12,0,56.4385619,159.229,29.54,0,3,0.7472,4,11,0,121.2604657,186.295,26.3,0,2,3.156,7,13,0,132.0519685,620.987,63.6,2,5,8.9768,4,41,5,1148.790973,5.951230369
100,318,*CCCCCCCCCCCC,*CC(*)(C)C(=O)OCCN(C)C,*CC(*)C(=O)OCC(CC)CCCC,*SC(=S)SC(C)C(=O)OC1CCC2(C)C(CCC3(C)C2CC=C2C4C(C)C(C)CCC4(C(=O)O)CCC23C)C1(C)C,50,1,170.34,0,0,0,4.9272,9,12,0,56.4385619,159.229,29.54,0,3,0.7472,4,11,0,121.2604657,186.295,26.3,0,2,3.156,7,13,0,132.0519685,620.987,63.6,2,5,8.9768,4,41,5,1148.790973,4.344485467