Paper_ID,ID,input1,input2,input3,input4,B_num,RC_ratio,Wt_1,TPSA_1,NumHDonors_1,NumHAcceptors_1,MolLogP_1,NumRotatableBonds_1,HeavyAtomCount_1,RingCount_1,BertzCT_1,Wt_2,TPSA_2,NumHDonors_2,NumHAcceptors_2,MolLogP_2,NumRotatableBonds_2,HeavyAtomCount_2,RingCount_2,BertzCT_2,Wt_3,TPSA_3,NumHDonors_3,NumHAcceptors_3,MolLogP_3,NumRotatableBonds_3,HeavyAtomCount_3,RingCount_3,BertzCT_3,Wt_4,TPSA_4,NumHDonors_4,NumHAcceptors_4,MolLogP_4,NumRotatableBonds_4,HeavyAtomCount_4,RingCount_4,BertzCT_4,1h [Cell] (Dots (CellBody)) MeanIntensity CH2 TOTAL (AVG),4h [Cell] (Dots (CellBody)) MeanIntensity CH2 TOTAL (AVG),ymax,k,Expression
100,2330,*CCCCCCCCCCCC,*CC(*)(C)C(=O)OCCN(C)C,*CC(*)C(=O)OCCOc1ccccc1,*SC(=S)SC(C)(C#N)CCC(=O)O,5,2,170.34,0,0,0,4.9272,9,12,0,56.4385619,159.229,29.54,0,3,0.7472,4,11,0,121.2604657,194.23,35.53,0,3,2.0186,5,14,1,269.1209499,235.355,61.09,2,4,2.08138,4,13,0,260.9534945,6150.5212,1586.258626,692.9596202,0.00635946,2.753965866
100,2331,*CCCCCCCCCCCC,*CC(*)(C)C(=O)OCCN(C)C,*CC(*)C(=O)OCCOc1ccccc1,*SC(=S)SC(C)(C#N)CCC(=O)O,5,1,170.34,0,0,0,4.9272,9,12,0,56.4385619,159.229,29.54,0,3,0.7472,4,11,0,121.2604657,194.23,35.53,0,3,2.0186,5,14,1,269.1209499,235.355,61.09,2,4,2.08138,4,13,0,260.9534945,5046.0818,1374.122301,829.0827072,0.010874379,3.290924559
100,2332,*CCCCCCCCCCCC,*CC(*)(C)C(=O)OCCN(C)C,*CC(*)C(=O)OCCOc1ccccc1,*SC(=S)SC(C)(C#N)CCC(=O)O,5,0.5,170.34,0,0,0,4.9272,9,12,0,56.4385619,159.229,29.54,0,3,0.7472,4,11,0,121.2604657,194.23,35.53,0,3,2.0186,5,14,1,269.1209499,235.355,61.09,2,4,2.08138,4,13,0,260.9534945,3958.7902,694.6203195,NAN_ymax,NAN_k,5.271221075
100,2333,*CCCCCCCCCCCC,*CC(*)(C)C(=O)OCCN(C)C,*CC(*)C(=O)OCCOc1ccccc1,*SC(=S)SC(C)(C#N)CCC(=O)O,10,2,170.34,0,0,0,4.9272,9,12,0,56.4385619,159.229,29.54,0,3,0.7472,4,11,0,121.2604657,194.23,35.53,0,3,2.0186,5,14,1,269.1209499,235.355,61.09,2,4,2.08138,4,13,0,260.9534945,2364.2494,532.1627493,693.4032707,0.014885893,2.773420723
100,2334,*CCCCCCCCCCCC,*CC(*)(C)C(=O)OCCN(C)C,*CC(*)C(=O)OCCOc1ccccc1,*SC(=S)SC(C)(C#N)CCC(=O)O,10,1,170.34,0,0,0,4.9272,9,12,0,56.4385619,159.229,29.54,0,3,0.7472,4,11,0,121.2604657,194.23,35.53,0,3,2.0186,5,14,1,269.1209499,235.355,61.09,2,4,2.08138,4,13,0,260.9534945,2659.3678,843.9042868,1320.083774,0.01068442,2.542825427
100,2335,*CCCCCCCCCCCC,*CC(*)(C)C(=O)OCCN(C)C,*CC(*)C(=O)OCCOc1ccccc1,*SC(=S)SC(C)(C#N)CCC(=O)O,10,0.5,170.34,0,0,0,4.9272,9,12,0,56.4385619,159.229,29.54,0,3,0.7472,4,11,0,121.2604657,194.23,35.53,0,3,2.0186,5,14,1,269.1209499,235.355,61.09,2,4,2.08138,4,13,0,260.9534945,2400.7732,764.1712085,889.122306,0.008862252,4.327348716
100,2336,*CCCCCCCCCCCC,*CC(*)(C)C(=O)OCCN(C)C,*CC(*)C(=O)OCCOc1ccccc1,*SC(=S)SC(C)(C#N)CCC(=O)O,20,2,170.34,0,0,0,4.9272,9,12,0,56.4385619,159.229,29.54,0,3,0.7472,4,11,0,121.2604657,194.23,35.53,0,3,2.0186,5,14,1,269.1209499,235.355,61.09,2,4,2.08138,4,13,0,260.9534945,1463.5333,627.9986546,802.1262062,0.013822494,2.465382851
100,2337,*CCCCCCCCCCCC,*CC(*)(C)C(=O)OCCN(C)C,*CC(*)C(=O)OCCOc1ccccc1,*SC(=S)SC(C)(C#N)CCC(=O)O,20,1,170.34,0,0,0,4.9272,9,12,0,56.4385619,159.229,29.54,0,3,0.7472,4,11,0,121.2604657,194.23,35.53,0,3,2.0186,5,14,1,269.1209499,235.355,61.09,2,4,2.08138,4,13,0,260.9534945,14475.7878,6329.272138,1032.131282,0.024194863,3.009875634
100,2338,*CCCCCCCCCCCC,*CC(*)(C)C(=O)OCCN(C)C,*CC(*)C(=O)OCCOc1ccccc1,*SC(=S)SC(C)(C#N)CCC(=O)O,20,0.5,170.34,0,0,0,4.9272,9,12,0,56.4385619,159.229,29.54,0,3,0.7472,4,11,0,121.2604657,194.23,35.53,0,3,2.0186,5,14,1,269.1209499,235.355,61.09,2,4,2.08138,4,13,0,260.9534945,11367.97,3014.301207,2135.8213,0.012985897,4.245364588
100,2342,*CCCCCCCCCCCC,*CC(*)(C)C(=O)OCCN(C)C,*CC(*)(C)C(=O)OCCCCCC,*SC(=S)SC(C)(C#N)CCC(=O)O,5,2,170.34,0,0,0,4.9272,9,12,0,56.4385619,159.229,29.54,0,3,0.7472,4,11,0,121.2604657,172.268,26.3,0,2,2.7659,6,12,0,119.0069869,235.355,61.09,2,4,2.08138,4,13,0,260.9534945,3191.1065,1038.899539,489.0599757,0.025390693,2.691081492
100,2343,*CCCCCCCCCCCC,*CC(*)(C)C(=O)OCCN(C)C,*CC(*)(C)C(=O)OCCCCCC,*SC(=S)SC(C)(C#N)CCC(=O)O,5,1,170.34,0,0,0,4.9272,9,12,0,56.4385619,159.229,29.54,0,3,0.7472,4,11,0,121.2604657,172.268,26.3,0,2,2.7659,6,12,0,119.0069869,235.355,61.09,2,4,2.08138,4,13,0,260.9534945,10212.043,9015.896575,1439.5041,0.005673087,3.942578465
100,2344,*CCCCCCCCCCCC,*CC(*)(C)C(=O)OCCN(C)C,*CC(*)(C)C(=O)OCCCCCC,*SC(=S)SC(C)(C#N)CCC(=O)O,5,0.5,170.34,0,0,0,4.9272,9,12,0,56.4385619,159.229,29.54,0,3,0.7472,4,11,0,121.2604657,172.268,26.3,0,2,2.7659,6,12,0,119.0069869,235.355,61.09,2,4,2.08138,4,13,0,260.9534945,1742.8729,699.7303872,2089.852307,0.035186458,2.800717078
100,2345,*CCCCCCCCCCCC,*CC(*)(C)C(=O)OCCN(C)C,*CC(*)(C)C(=O)OCCCCCC,*SC(=S)SC(C)(C#N)CCC(=O)O,10,2,170.34,0,0,0,4.9272,9,12,0,56.4385619,159.229,29.54,0,3,0.7472,4,11,0,121.2604657,172.268,26.3,0,2,2.7659,6,12,0,119.0069869,235.355,61.09,2,4,2.08138,4,13,0,260.9534945,9605.3684,4430.467729,851.4810937,0.004456032,2.771219902
100,2346,*CCCCCCCCCCCC,*CC(*)(C)C(=O)OCCN(C)C,*CC(*)(C)C(=O)OCCCCCC,*SC(=S)SC(C)(C#N)CCC(=O)O,10,1,170.34,0,0,0,4.9272,9,12,0,56.4385619,159.229,29.54,0,3,0.7472,4,11,0,121.2604657,172.268,26.3,0,2,2.7659,6,12,0,119.0069869,235.355,61.09,2,4,2.08138,4,13,0,260.9534945,18718.109,7676.694124,1340.445216,0.018013423,3.068000226
100,2347,*CCCCCCCCCCCC,*CC(*)(C)C(=O)OCCN(C)C,*CC(*)(C)C(=O)OCCCCCC,*SC(=S)SC(C)(C#N)CCC(=O)O,10,0.5,170.34,0,0,0,4.9272,9,12,0,56.4385619,159.229,29.54,0,3,0.7472,4,11,0,121.2604657,172.268,26.3,0,2,2.7659,6,12,0,119.0069869,235.355,61.09,2,4,2.08138,4,13,0,260.9534945,6639.4078,932.1246312,2850.08521,0.011037232,3.654465334
100,2348,*CCCCCCCCCCCC,*CC(*)(C)C(=O)OCCN(C)C,*CC(*)(C)C(=O)OCCCCCC,*SC(=S)SC(C)(C#N)CCC(=O)O,20,2,170.34,0,0,0,4.9272,9,12,0,56.4385619,159.229,29.54,0,3,0.7472,4,11,0,121.2604657,172.268,26.3,0,2,2.7659,6,12,0,119.0069869,235.355,61.09,2,4,2.08138,4,13,0,260.9534945,4463.8253,328.8910429,732.9073109,0.01086687,2.869525063
100,2349,*CCCCCCCCCCCC,*CC(*)(C)C(=O)OCCN(C)C,*CC(*)(C)C(=O)OCCCCCC,*SC(=S)SC(C)(C#N)CCC(=O)O,20,1,170.34,0,0,0,4.9272,9,12,0,56.4385619,159.229,29.54,0,3,0.7472,4,11,0,121.2604657,172.268,26.3,0,2,2.7659,6,12,0,119.0069869,235.355,61.09,2,4,2.08138,4,13,0,260.9534945,1889.6229,1156.371015,1650.168871,0.005664655,3.255393126
100,2350,*CCCCCCCCCCCC,*CC(*)(C)C(=O)OCCN(C)C,*CC(*)(C)C(=O)OCCCCCC,*SC(=S)SC(C)(C#N)CCC(=O)O,20,0.5,170.34,0,0,0,4.9272,9,12,0,56.4385619,159.229,29.54,0,3,0.7472,4,11,0,121.2604657,172.268,26.3,0,2,2.7659,6,12,0,119.0069869,235.355,61.09,2,4,2.08138,4,13,0,260.9534945,2205.8828,1242.163867,1347.487622,0.012860368,2.846955325
100,2354,*CCCCCCCCCCCC,*CC(*)(C)C(=O)OCCN(C)C,*CC(*)C(=O)OCC(CC)CCCC,*SC(=S)SC(C)(C#N)CCC(=O)O,5,2,170.34,0,0,0,4.9272,9,12,0,56.4385619,159.229,29.54,0,3,0.7472,4,11,0,121.2604657,186.295,26.3,0,2,3.156,7,13,0,132.0519685,235.355,61.09,2,4,2.08138,4,13,0,260.9534945,269.1438,77.2814,478.2938547,0.007207967,2.401400541
100,2355,*CCCCCCCCCCCC,*CC(*)(C)C(=O)OCCN(C)C,*CC(*)C(=O)OCC(CC)CCCC,*SC(=S)SC(C)(C#N)CCC(=O)O,5,1,170.34,0,0,0,4.9272,9,12,0,56.4385619,159.229,29.54,0,3,0.7472,4,11,0,121.2604657,186.295,26.3,0,2,3.156,7,13,0,132.0519685,235.355,61.09,2,4,2.08138,4,13,0,260.9534945,11156.2847,2728.691847,1207.961341,0.005473869,4.67249501
100,2356,*CCCCCCCCCCCC,*CC(*)(C)C(=O)OCCN(C)C,*CC(*)C(=O)OCC(CC)CCCC,*SC(=S)SC(C)(C#N)CCC(=O)O,5,0.5,170.34,0,0,0,4.9272,9,12,0,56.4385619,159.229,29.54,0,3,0.7472,4,11,0,121.2604657,186.295,26.3,0,2,3.156,7,13,0,132.0519685,235.355,61.09,2,4,2.08138,4,13,0,260.9534945,274.1134,152.4818,1865.226283,0.01364079,4.653062898
100,2357,*CCCCCCCCCCCC,*CC(*)(C)C(=O)OCCN(C)C,*CC(*)C(=O)OCC(CC)CCCC,*SC(=S)SC(C)(C#N)CCC(=O)O,10,2,170.34,0,0,0,4.9272,9,12,0,56.4385619,159.229,29.54,0,3,0.7472,4,11,0,121.2604657,186.295,26.3,0,2,3.156,7,13,0,132.0519685,235.355,61.09,2,4,2.08138,4,13,0,260.9534945,262.5285,340.3328303,1149.747486,0.00788179,3.310055738
100,2358,*CCCCCCCCCCCC,*CC(*)(C)C(=O)OCCN(C)C,*CC(*)C(=O)OCC(CC)CCCC,*SC(=S)SC(C)(C#N)CCC(=O)O,10,1,170.34,0,0,0,4.9272,9,12,0,56.4385619,159.229,29.54,0,3,0.7472,4,11,0,121.2604657,186.295,26.3,0,2,3.156,7,13,0,132.0519685,235.355,61.09,2,4,2.08138,4,13,0,260.9534945,57.5452,25.4748,1384.141526,0.009269264,5.156729313
100,2359,*CCCCCCCCCCCC,*CC(*)(C)C(=O)OCCN(C)C,*CC(*)C(=O)OCC(CC)CCCC,*SC(=S)SC(C)(C#N)CCC(=O)O,10,0.5,170.34,0,0,0,4.9272,9,12,0,56.4385619,159.229,29.54,0,3,0.7472,4,11,0,121.2604657,186.295,26.3,0,2,3.156,7,13,0,132.0519685,235.355,61.09,2,4,2.08138,4,13,0,260.9534945,15034.5167,12741.05269,2883.601049,0.010948361,5.100436029
100,2360,*CCCCCCCCCCCC,*CC(*)(C)C(=O)OCCN(C)C,*CC(*)C(=O)OCC(CC)CCCC,*SC(=S)SC(C)(C#N)CCC(=O)O,20,2,170.34,0,0,0,4.9272,9,12,0,56.4385619,159.229,29.54,0,3,0.7472,4,11,0,121.2604657,186.295,26.3,0,2,3.156,7,13,0,132.0519685,235.355,61.09,2,4,2.08138,4,13,0,260.9534945,7308.9657,1583.433754,1697.066485,0.009906542,5.031523588
100,2361,*CCCCCCCCCCCC,*CC(*)(C)C(=O)OCCN(C)C,*CC(*)C(=O)OCC(CC)CCCC,*SC(=S)SC(C)(C#N)CCC(=O)O,20,1,170.34,0,0,0,4.9272,9,12,0,56.4385619,159.229,29.54,0,3,0.7472,4,11,0,121.2604657,186.295,26.3,0,2,3.156,7,13,0,132.0519685,235.355,61.09,2,4,2.08138,4,13,0,260.9534945,5537.6905,1483.918136,2230.716268,0.00630988,4.923686897
100,2362,*CCCCCCCCCCCC,*CC(*)(C)C(=O)OCCN(C)C,*CC(*)C(=O)OCC(CC)CCCC,*SC(=S)SC(C)(C#N)CCC(=O)O,20,0.5,170.34,0,0,0,4.9272,9,12,0,56.4385619,159.229,29.54,0,3,0.7472,4,11,0,121.2604657,186.295,26.3,0,2,3.156,7,13,0,132.0519685,235.355,61.09,2,4,2.08138,4,13,0,260.9534945,2444.0106,803.5834491,4174.427786,0.012352433,4.696430658
100,2366,*CCCCCCCCCCCC,*CC(*)C(=O)OCCN(C)C,*CC(*)C(=O)OCCOc1ccccc1,*SC(=S)SC(C)(C#N)CCC(=O)O,5,2,170.34,0,0,0,4.9272,9,12,0,56.4385619,145.202,29.54,0,3,0.5012,4,10,0,101.7792292,194.23,35.53,0,3,2.0186,5,14,1,269.1209499,235.355,61.09,2,4,2.08138,4,13,0,260.9534945,4845.0371,296.2616582,1092.83851,0.005308975,2.735199548
100,2367,*CCCCCCCCCCCC,*CC(*)C(=O)OCCN(C)C,*CC(*)C(=O)OCCOc1ccccc1,*SC(=S)SC(C)(C#N)CCC(=O)O,5,1,170.34,0,0,0,4.9272,9,12,0,56.4385619,145.202,29.54,0,3,0.5012,4,10,0,101.7792292,194.23,35.53,0,3,2.0186,5,14,1,269.1209499,235.355,61.09,2,4,2.08138,4,13,0,260.9534945,3246.6449,306.2003605,1769.139387,0.007648657,2.517195898
100,2368,*CCCCCCCCCCCC,*CC(*)C(=O)OCCN(C)C,*CC(*)C(=O)OCCOc1ccccc1,*SC(=S)SC(C)(C#N)CCC(=O)O,5,0.5,170.34,0,0,0,4.9272,9,12,0,56.4385619,145.202,29.54,0,3,0.5012,4,10,0,101.7792292,194.23,35.53,0,3,2.0186,5,14,1,269.1209499,235.355,61.09,2,4,2.08138,4,13,0,260.9534945,2690.7372,382.6152678,3082.195708,0.01011343,2.571126277
100,2369,*CCCCCCCCCCCC,*CC(*)C(=O)OCCN(C)C,*CC(*)C(=O)OCCOc1ccccc1,*SC(=S)SC(C)(C#N)CCC(=O)O,10,2,170.34,0,0,0,4.9272,9,12,0,56.4385619,145.202,29.54,0,3,0.5012,4,10,0,101.7792292,194.23,35.53,0,3,2.0186,5,14,1,269.1209499,235.355,61.09,2,4,2.08138,4,13,0,260.9534945,1992.5433,158.2887752,985.9331983,0.006252324,2.359835482
100,2370,*CCCCCCCCCCCC,*CC(*)C(=O)OCCN(C)C,*CC(*)C(=O)OCCOc1ccccc1,*SC(=S)SC(C)(C#N)CCC(=O)O,10,1,170.34,0,0,0,4.9272,9,12,0,56.4385619,145.202,29.54,0,3,0.5012,4,10,0,101.7792292,194.23,35.53,0,3,2.0186,5,14,1,269.1209499,235.355,61.09,2,4,2.08138,4,13,0,260.9534945,2464.874,299.8949922,1253.398228,0.008461783,2.687528961
100,2371,*CCCCCCCCCCCC,*CC(*)C(=O)OCCN(C)C,*CC(*)C(=O)OCCOc1ccccc1,*SC(=S)SC(C)(C#N)CCC(=O)O,10,0.5,170.34,0,0,0,4.9272,9,12,0,56.4385619,145.202,29.54,0,3,0.5012,4,10,0,101.7792292,194.23,35.53,0,3,2.0186,5,14,1,269.1209499,235.355,61.09,2,4,2.08138,4,13,0,260.9534945,8984.8568,12433.84992,NAN_ymax,NAN_k,3.312917481
100,2372,*CCCCCCCCCCCC,*CC(*)C(=O)OCCN(C)C,*CC(*)C(=O)OCCOc1ccccc1,*SC(=S)SC(C)(C#N)CCC(=O)O,20,2,170.34,0,0,0,4.9272,9,12,0,56.4385619,145.202,29.54,0,3,0.5012,4,10,0,101.7792292,194.23,35.53,0,3,2.0186,5,14,1,269.1209499,235.355,61.09,2,4,2.08138,4,13,0,260.9534945,7612.56,1080.745597,901.7311151,0.026168123,2.691081492
100,2373,*CCCCCCCCCCCC,*CC(*)C(=O)OCCN(C)C,*CC(*)C(=O)OCCOc1ccccc1,*SC(=S)SC(C)(C#N)CCC(=O)O,20,1,170.34,0,0,0,4.9272,9,12,0,56.4385619,145.202,29.54,0,3,0.5012,4,10,0,101.7792292,194.23,35.53,0,3,2.0186,5,14,1,269.1209499,235.355,61.09,2,4,2.08138,4,13,0,260.9534945,8579.5391,7679.851025,1246.822019,0.021772267,2.940765436
100,2374,*CCCCCCCCCCCC,*CC(*)C(=O)OCCN(C)C,*CC(*)C(=O)OCCOc1ccccc1,*SC(=S)SC(C)(C#N)CCC(=O)O,20,0.5,170.34,0,0,0,4.9272,9,12,0,56.4385619,145.202,29.54,0,3,0.5012,4,10,0,101.7792292,194.23,35.53,0,3,2.0186,5,14,1,269.1209499,235.355,61.09,2,4,2.08138,4,13,0,260.9534945,5732.3386,2598.225958,2096.033866,0.026844241,3.580582877
100,2378,*CCCCCCCCCCCC,*CC(*)C(=O)OCCN(C)C,*CC(*)(C)C(=O)OCCCCCC,*SC(=S)SC(C)(C#N)CCC(=O)O,5,2,170.34,0,0,0,4.9272,9,12,0,56.4385619,145.202,29.54,0,3,0.5012,4,10,0,101.7792292,172.268,26.3,0,2,2.7659,6,12,0,119.0069869,235.355,61.09,2,4,2.08138,4,13,0,260.9534945,9404.3984,1504.75684,1136.784233,0.008587103,2.939519253
100,2379,*CCCCCCCCCCCC,*CC(*)C(=O)OCCN(C)C,*CC(*)(C)C(=O)OCCCCCC,*SC(=S)SC(C)(C#N)CCC(=O)O,5,1,170.34,0,0,0,4.9272,9,12,0,56.4385619,145.202,29.54,0,3,0.5012,4,10,0,101.7792292,172.268,26.3,0,2,2.7659,6,12,0,119.0069869,235.355,61.09,2,4,2.08138,4,13,0,260.9534945,7116.1461,1090.599974,1342.035538,0.011946421,3.318063335
100,2380,*CCCCCCCCCCCC,*CC(*)C(=O)OCCN(C)C,*CC(*)(C)C(=O)OCCCCCC,*SC(=S)SC(C)(C#N)CCC(=O)O,5,0.5,170.34,0,0,0,4.9272,9,12,0,56.4385619,145.202,29.54,0,3,0.5012,4,10,0,101.7792292,172.268,26.3,0,2,2.7659,6,12,0,119.0069869,235.355,61.09,2,4,2.08138,4,13,0,260.9534945,5698.864,677.2557865,1559.149064,0.017560912,3.575361066
100,2381,*CCCCCCCCCCCC,*CC(*)C(=O)OCCN(C)C,*CC(*)(C)C(=O)OCCCCCC,*SC(=S)SC(C)(C#N)CCC(=O)O,10,2,170.34,0,0,0,4.9272,9,12,0,56.4385619,145.202,29.54,0,3,0.5012,4,10,0,101.7792292,172.268,26.3,0,2,2.7659,6,12,0,119.0069869,235.355,61.09,2,4,2.08138,4,13,0,260.9534945,3198.1522,544.3044305,1461.076641,0.016356267,2.70457945
100,2382,*CCCCCCCCCCCC,*CC(*)C(=O)OCCN(C)C,*CC(*)(C)C(=O)OCCCCCC,*SC(=S)SC(C)(C#N)CCC(=O)O,10,1,170.34,0,0,0,4.9272,9,12,0,56.4385619,145.202,29.54,0,3,0.5012,4,10,0,101.7792292,172.268,26.3,0,2,2.7659,6,12,0,119.0069869,235.355,61.09,2,4,2.08138,4,13,0,260.9534945,3821.1629,449.6669879,1769.654539,0.01075474,4.449432113
100,2383,*CCCCCCCCCCCC,*CC(*)C(=O)OCCN(C)C,*CC(*)(C)C(=O)OCCCCCC,*SC(=S)SC(C)(C#N)CCC(=O)O,10,0.5,170.34,0,0,0,4.9272,9,12,0,56.4385619,145.202,29.54,0,3,0.5012,4,10,0,101.7792292,172.268,26.3,0,2,2.7659,6,12,0,119.0069869,235.355,61.09,2,4,2.08138,4,13,0,260.9534945,3711.8982,652.3832064,2127.189295,0.011343481,3.400796935
100,2384,*CCCCCCCCCCCC,*CC(*)C(=O)OCCN(C)C,*CC(*)(C)C(=O)OCCCCCC,*SC(=S)SC(C)(C#N)CCC(=O)O,20,2,170.34,0,0,0,4.9272,9,12,0,56.4385619,145.202,29.54,0,3,0.5012,4,10,0,101.7792292,172.268,26.3,0,2,2.7659,6,12,0,119.0069869,235.355,61.09,2,4,2.08138,4,13,0,260.9534945,2910.1625,314.8857891,1411.701688,0.01199304,2.155336037
100,2385,*CCCCCCCCCCCC,*CC(*)C(=O)OCCN(C)C,*CC(*)(C)C(=O)OCCCCCC,*SC(=S)SC(C)(C#N)CCC(=O)O,20,1,170.34,0,0,0,4.9272,9,12,0,56.4385619,145.202,29.54,0,3,0.5012,4,10,0,101.7792292,172.268,26.3,0,2,2.7659,6,12,0,119.0069869,235.355,61.09,2,4,2.08138,4,13,0,260.9534945,8512.4714,8274.896699,1947.17412,0.008584203,4.293837477
100,2386,*CCCCCCCCCCCC,*CC(*)C(=O)OCCN(C)C,*CC(*)(C)C(=O)OCCCCCC,*SC(=S)SC(C)(C#N)CCC(=O)O,20,0.5,170.34,0,0,0,4.9272,9,12,0,56.4385619,145.202,29.54,0,3,0.5012,4,10,0,101.7792292,172.268,26.3,0,2,2.7659,6,12,0,119.0069869,235.355,61.09,2,4,2.08138,4,13,0,260.9534945,6282.2796,1772.79718,2872.728133,0.011089754,3.402003309
100,2390,*CCCCCCCCCCCC,*CC(*)C(=O)OCCN(C)C,*CC(*)C(=O)OCC(CC)CCCC,*SC(=S)SC(C)(C#N)CCC(=O)O,5,2,170.34,0,0,0,4.9272,9,12,0,56.4385619,145.202,29.54,0,3,0.5012,4,10,0,101.7792292,186.295,26.3,0,2,3.156,7,13,0,132.0519685,235.355,61.09,2,4,2.08138,4,13,0,260.9534945,1587.532,398.389229,1461.131679,0.01098401,2.929418926
100,2391,*CCCCCCCCCCCC,*CC(*)C(=O)OCCN(C)C,*CC(*)C(=O)OCC(CC)CCCC,*SC(=S)SC(C)(C#N)CCC(=O)O,5,1,170.34,0,0,0,4.9272,9,12,0,56.4385619,145.202,29.54,0,3,0.5012,4,10,0,101.7792292,186.295,26.3,0,2,3.156,7,13,0,132.0519685,235.355,61.09,2,4,2.08138,4,13,0,260.9534945,4083.3156,1135.508068,1322.025417,0.013790267,3.174786417
100,2392,*CCCCCCCCCCCC,*CC(*)C(=O)OCCN(C)C,*CC(*)C(=O)OCC(CC)CCCC,*SC(=S)SC(C)(C#N)CCC(=O)O,5,0.5,170.34,0,0,0,4.9272,9,12,0,56.4385619,145.202,29.54,0,3,0.5012,4,10,0,101.7792292,186.295,26.3,0,2,3.156,7,13,0,132.0519685,235.355,61.09,2,4,2.08138,4,13,0,260.9534945,1082.0224,277.3244723,1810.999565,0.011675727,3.555215405
100,2393,*CCCCCCCCCCCC,*CC(*)C(=O)OCCN(C)C,*CC(*)C(=O)OCC(CC)CCCC,*SC(=S)SC(C)(C#N)CCC(=O)O,10,2,170.34,0,0,0,4.9272,9,12,0,56.4385619,145.202,29.54,0,3,0.5012,4,10,0,101.7792292,186.295,26.3,0,2,3.156,7,13,0,132.0519685,235.355,61.09,2,4,2.08138,4,13,0,260.9534945,9680.6666,12066.99596,NAN_ymax,NAN_k,2.747800091
100,2394,*CCCCCCCCCCCC,*CC(*)C(=O)OCCN(C)C,*CC(*)C(=O)OCC(CC)CCCC,*SC(=S)SC(C)(C#N)CCC(=O)O,10,1,170.34,0,0,0,4.9272,9,12,0,56.4385619,145.202,29.54,0,3,0.5012,4,10,0,101.7792292,186.295,26.3,0,2,3.156,7,13,0,132.0519685,235.355,61.09,2,4,2.08138,4,13,0,260.9534945,5325.464,2708.73328,1842.273022,0.010657067,4.590875258
100,2395,*CCCCCCCCCCCC,*CC(*)C(=O)OCCN(C)C,*CC(*)C(=O)OCC(CC)CCCC,*SC(=S)SC(C)(C#N)CCC(=O)O,10,0.5,170.34,0,0,0,4.9272,9,12,0,56.4385619,145.202,29.54,0,3,0.5012,4,10,0,101.7792292,186.295,26.3,0,2,3.156,7,13,0,132.0519685,235.355,61.09,2,4,2.08138,4,13,0,260.9534945,4109.913,1219.872672,2738.006549,0.020058147,3.657294936
100,2396,*CCCCCCCCCCCC,*CC(*)C(=O)OCCN(C)C,*CC(*)C(=O)OCC(CC)CCCC,*SC(=S)SC(C)(C#N)CCC(=O)O,20,2,170.34,0,0,0,4.9272,9,12,0,56.4385619,145.202,29.54,0,3,0.5012,4,10,0,101.7792292,186.295,26.3,0,2,3.156,7,13,0,132.0519685,235.355,61.09,2,4,2.08138,4,13,0,260.9534945,902.4111,866.9544026,1449.116763,0.024459855,2.739572344
100,2397,*CCCCCCCCCCCC,*CC(*)C(=O)OCCN(C)C,*CC(*)C(=O)OCC(CC)CCCC,*SC(=S)SC(C)(C#N)CCC(=O)O,20,1,170.34,0,0,0,4.9272,9,12,0,56.4385619,145.202,29.54,0,3,0.5012,4,10,0,101.7792292,186.295,26.3,0,2,3.156,7,13,0,132.0519685,235.355,61.09,2,4,2.08138,4,13,0,260.9534945,2688.1678,1007.615131,1584.284468,0.025886641,4.091350352
100,2398,*CCCCCCCCCCCC,*CC(*)C(=O)OCCN(C)C,*CC(*)C(=O)OCC(CC)CCCC,*SC(=S)SC(C)(C#N)CCC(=O)O,20,0.5,170.34,0,0,0,4.9272,9,12,0,56.4385619,145.202,29.54,0,3,0.5012,4,10,0,101.7792292,186.295,26.3,0,2,3.156,7,13,0,132.0519685,235.355,61.09,2,4,2.08138,4,13,0,260.9534945,2006.7536,786.8376475,2374.207398,0.026687276,4.369215857
100,2474,*CCCCCCCCCCCC,*CC(*)(C)C(=O)OCCN(C)C,*CC(*)C(=O)OCCOc1ccccc1,*SC(=S)SC(C)C(=O)O,5,2,170.34,0,0,0,4.9272,9,12,0,56.4385619,159.229,29.54,0,3,0.7472,4,11,0,121.2604657,194.23,35.53,0,3,2.0186,5,14,1,269.1209499,182.291,37.3,2,3,1.4074,2,9,0,133.7744375,4940.647,1841.7622,1079.120925,0.013352599,2.545307116
100,2475,*CCCCCCCCCCCC,*CC(*)(C)C(=O)OCCN(C)C,*CC(*)C(=O)OCCOc1ccccc1,*SC(=S)SC(C)C(=O)O,5,1,170.34,0,0,0,4.9272,9,12,0,56.4385619,159.229,29.54,0,3,0.7472,4,11,0,121.2604657,194.23,35.53,0,3,2.0186,5,14,1,269.1209499,182.291,37.3,2,3,1.4074,2,9,0,133.7744375,2502.2499,1321.1603,1093.6134,0.040122143,3.165689376
100,2476,*CCCCCCCCCCCC,*CC(*)(C)C(=O)OCCN(C)C,*CC(*)C(=O)OCCOc1ccccc1,*SC(=S)SC(C)C(=O)O,5,0.5,170.34,0,0,0,4.9272,9,12,0,56.4385619,159.229,29.54,0,3,0.7472,4,11,0,121.2604657,194.23,35.53,0,3,2.0186,5,14,1,269.1209499,182.291,37.3,2,3,1.4074,2,9,0,133.7744375,5979.5884,1297.7685,2312.560448,0.007339859,2.590507462
100,2477,*CCCCCCCCCCCC,*CC(*)(C)C(=O)OCCN(C)C,*CC(*)C(=O)OCCOc1ccccc1,*SC(=S)SC(C)C(=O)O,10,2,170.34,0,0,0,4.9272,9,12,0,56.4385619,159.229,29.54,0,3,0.7472,4,11,0,121.2604657,194.23,35.53,0,3,2.0186,5,14,1,269.1209499,182.291,37.3,2,3,1.4074,2,9,0,133.7744375,3733.7778,1121.0072,796.8594406,0.014299339,2.301029996
100,2478,*CCCCCCCCCCCC,*CC(*)(C)C(=O)OCCN(C)C,*CC(*)C(=O)OCCOc1ccccc1,*SC(=S)SC(C)C(=O)O,10,1,170.34,0,0,0,4.9272,9,12,0,56.4385619,159.229,29.54,0,3,0.7472,4,11,0,121.2604657,194.23,35.53,0,3,2.0186,5,14,1,269.1209499,182.291,37.3,2,3,1.4074,2,9,0,133.7744375,4270.2119,1239.516,1240.136952,0.017378971,2.336459734
100,2479,*CCCCCCCCCCCC,*CC(*)(C)C(=O)OCCN(C)C,*CC(*)C(=O)OCCOc1ccccc1,*SC(=S)SC(C)C(=O)O,10,0.5,170.34,0,0,0,4.9272,9,12,0,56.4385619,159.229,29.54,0,3,0.7472,4,11,0,121.2604657,194.23,35.53,0,3,2.0186,5,14,1,269.1209499,182.291,37.3,2,3,1.4074,2,9,0,133.7744375,2484.5117,906.8978,1714.95388,0.009321716,2.350248018
100,2480,*CCCCCCCCCCCC,*CC(*)(C)C(=O)OCCN(C)C,*CC(*)C(=O)OCCOc1ccccc1,*SC(=S)SC(C)C(=O)O,20,2,170.34,0,0,0,4.9272,9,12,0,56.4385619,159.229,29.54,0,3,0.7472,4,11,0,121.2604657,194.23,35.53,0,3,2.0186,5,14,1,269.1209499,182.291,37.3,2,3,1.4074,2,9,0,133.7744375,6802.7837,1911.9687,796.4360499,0.011095259,2.671635597
100,2481,*CCCCCCCCCCCC,*CC(*)(C)C(=O)OCCN(C)C,*CC(*)C(=O)OCCOc1ccccc1,*SC(=S)SC(C)C(=O)O,20,1,170.34,0,0,0,4.9272,9,12,0,56.4385619,159.229,29.54,0,3,0.7472,4,11,0,121.2604657,194.23,35.53,0,3,2.0186,5,14,1,269.1209499,182.291,37.3,2,3,1.4074,2,9,0,133.7744375,5010.8736,960.8362,1689.635521,0.037125449,2.950851459
100,2482,*CCCCCCCCCCCC,*CC(*)(C)C(=O)OCCN(C)C,*CC(*)C(=O)OCCOc1ccccc1,*SC(=S)SC(C)C(=O)O,20,0.5,170.34,0,0,0,4.9272,9,12,0,56.4385619,159.229,29.54,0,3,0.7472,4,11,0,121.2604657,194.23,35.53,0,3,2.0186,5,14,1,269.1209499,182.291,37.3,2,3,1.4074,2,9,0,133.7744375,4322.6313,1098.2171,1767.041995,0.010574823,2.778513012
100,2486,*CCCCCCCCCCCC,*CC(*)(C)C(=O)OCCN(C)C,*CC(*)(C)C(=O)OCCCCCC,*SC(=S)SC(C)C(=O)O,5,2,170.34,0,0,0,4.9272,9,12,0,56.4385619,159.229,29.54,0,3,0.7472,4,11,0,121.2604657,172.268,26.3,0,2,2.7659,6,12,0,119.0069869,182.291,37.3,2,3,1.4074,2,9,0,133.7744375,1666.4423,798.0197,1746.449552,0.01265604,2.698100546
100,2487,*CCCCCCCCCCCC,*CC(*)(C)C(=O)OCCN(C)C,*CC(*)(C)C(=O)OCCCCCC,*SC(=S)SC(C)C(=O)O,5,1,170.34,0,0,0,4.9272,9,12,0,56.4385619,159.229,29.54,0,3,0.7472,4,11,0,121.2604657,172.268,26.3,0,2,2.7659,6,12,0,119.0069869,182.291,37.3,2,3,1.4074,2,9,0,133.7744375,9625.5225,3104.3928,1597.223269,0.007740686,3.07773118
100,2488,*CCCCCCCCCCCC,*CC(*)(C)C(=O)OCCN(C)C,*CC(*)(C)C(=O)OCCCCCC,*SC(=S)SC(C)C(=O)O,5,0.5,170.34,0,0,0,4.9272,9,12,0,56.4385619,159.229,29.54,0,3,0.7472,4,11,0,121.2604657,172.268,26.3,0,2,2.7659,6,12,0,119.0069869,182.291,37.3,2,3,1.4074,2,9,0,133.7744375,5916.5507,1953.5641,3152.756347,0.013956803,2.968249394
100,2489,*CCCCCCCCCCCC,*CC(*)(C)C(=O)OCCN(C)C,*CC(*)(C)C(=O)OCCCCCC,*SC(=S)SC(C)C(=O)O,10,2,170.34,0,0,0,4.9272,9,12,0,56.4385619,159.229,29.54,0,3,0.7472,4,11,0,121.2604657,172.268,26.3,0,2,2.7659,6,12,0,119.0069869,182.291,37.3,2,3,1.4074,2,9,0,133.7744375,3128.6639,1056.8396,1696.843188,0.005979227,2.413299764
100,2490,*CCCCCCCCCCCC,*CC(*)(C)C(=O)OCCN(C)C,*CC(*)(C)C(=O)OCCCCCC,*SC(=S)SC(C)C(=O)O,10,1,170.34,0,0,0,4.9272,9,12,0,56.4385619,159.229,29.54,0,3,0.7472,4,11,0,121.2604657,172.268,26.3,0,2,2.7659,6,12,0,119.0069869,182.291,37.3,2,3,1.4074,2,9,0,133.7744375,2988.1393,833.6394,2102.92318,0.006884778,2.790988475
100,2491,*CCCCCCCCCCCC,*CC(*)(C)C(=O)OCCN(C)C,*CC(*)(C)C(=O)OCCCCCC,*SC(=S)SC(C)C(=O)O,10,0.5,170.34,0,0,0,4.9272,9,12,0,56.4385619,159.229,29.54,0,3,0.7472,4,11,0,121.2604657,172.268,26.3,0,2,2.7659,6,12,0,119.0069869,182.291,37.3,2,3,1.4074,2,9,0,133.7744375,3300.2495,1049.2912,3304.145445,0.017000743,3.296445794
100,2492,*CCCCCCCCCCCC,*CC(*)(C)C(=O)OCCN(C)C,*CC(*)(C)C(=O)OCCCCCC,*SC(=S)SC(C)C(=O)O,20,2,170.34,0,0,0,4.9272,9,12,0,56.4385619,159.229,29.54,0,3,0.7472,4,11,0,121.2604657,172.268,26.3,0,2,2.7659,6,12,0,119.0069869,182.291,37.3,2,3,1.4074,2,9,0,133.7744375,3577.8924,912.2511,1472.57173,0.013879624,2.381115081
100,2493,*CCCCCCCCCCCC,*CC(*)(C)C(=O)OCCN(C)C,*CC(*)(C)C(=O)OCCCCCC,*SC(=S)SC(C)C(=O)O,20,1,170.34,0,0,0,4.9272,9,12,0,56.4385619,159.229,29.54,0,3,0.7472,4,11,0,121.2604657,172.268,26.3,0,2,2.7659,6,12,0,119.0069869,182.291,37.3,2,3,1.4074,2,9,0,133.7744375,1134.7815,1188.3369,1783.465863,0.006062208,2.756636108
100,2494,*CCCCCCCCCCCC,*CC(*)(C)C(=O)OCCN(C)C,*CC(*)(C)C(=O)OCCCCCC,*SC(=S)SC(C)C(=O)O,20,0.5,170.34,0,0,0,4.9272,9,12,0,56.4385619,159.229,29.54,0,3,0.7472,4,11,0,121.2604657,172.268,26.3,0,2,2.7659,6,12,0,119.0069869,182.291,37.3,2,3,1.4074,2,9,0,133.7744375,7356.6431,2732.3758,2300.715863,0.016185418,2.307496038
100,2498,*CCCCCCCCCCCC,*CC(*)(C)C(=O)OCCN(C)C,*CC(*)C(=O)OCC(CC)CCCC,*SC(=S)SC(C)C(=O)O,5,2,170.34,0,0,0,4.9272,9,12,0,56.4385619,159.229,29.54,0,3,0.7472,4,11,0,121.2604657,186.295,26.3,0,2,3.156,7,13,0,132.0519685,182.291,37.3,2,3,1.4074,2,9,0,133.7744375,2189.9205,511.4083694,903.6075993,0.006373272,2.708845638
100,2499,*CCCCCCCCCCCC,*CC(*)(C)C(=O)OCCN(C)C,*CC(*)C(=O)OCC(CC)CCCC,*SC(=S)SC(C)C(=O)O,5,1,170.34,0,0,0,4.9272,9,12,0,56.4385619,159.229,29.54,0,3,0.7472,4,11,0,121.2604657,186.295,26.3,0,2,3.156,7,13,0,132.0519685,182.291,37.3,2,3,1.4074,2,9,0,133.7744375,4641.9396,537.5057637,1364.9881,0.008429056,5.074509255
100,2500,*CCCCCCCCCCCC,*CC(*)(C)C(=O)OCCN(C)C,*CC(*)C(=O)OCC(CC)CCCC,*SC(=S)SC(C)C(=O)O,5,0.5,170.34,0,0,0,4.9272,9,12,0,56.4385619,159.229,29.54,0,3,0.7472,4,11,0,121.2604657,186.295,26.3,0,2,3.156,7,13,0,132.0519685,182.291,37.3,2,3,1.4074,2,9,0,133.7744375,7492.9265,4706.941577,2337.489839,0.019583229,2.76305344
100,2501,*CCCCCCCCCCCC,*CC(*)(C)C(=O)OCCN(C)C,*CC(*)C(=O)OCC(CC)CCCC,*SC(=S)SC(C)C(=O)O,10,2,170.34,0,0,0,4.9272,9,12,0,56.4385619,159.229,29.54,0,3,0.7472,4,11,0,121.2604657,186.295,26.3,0,2,3.156,7,13,0,132.0519685,182.291,37.3,2,3,1.4074,2,9,0,133.7744375,782.7369,500.7592328,1223.993049,0.004459456,2.958085849
100,2502,*CCCCCCCCCCCC,*CC(*)(C)C(=O)OCCN(C)C,*CC(*)C(=O)OCC(CC)CCCC,*SC(=S)SC(C)C(=O)O,10,1,170.34,0,0,0,4.9272,9,12,0,56.4385619,159.229,29.54,0,3,0.7472,4,11,0,121.2604657,186.295,26.3,0,2,3.156,7,13,0,132.0519685,182.291,37.3,2,3,1.4074,2,9,0,133.7744375,11761.0045,12300.34624,1250.889601,0.00524292,5.376147012
100,2503,*CCCCCCCCCCCC,*CC(*)(C)C(=O)OCCN(C)C,*CC(*)C(=O)OCC(CC)CCCC,*SC(=S)SC(C)C(=O)O,10,0.5,170.34,0,0,0,4.9272,9,12,0,56.4385619,159.229,29.54,0,3,0.7472,4,11,0,121.2604657,186.295,26.3,0,2,3.156,7,13,0,132.0519685,182.291,37.3,2,3,1.4074,2,9,0,133.7744375,12102.9316,1049.618243,1788.919247,0.008376732,5.010840368
100,2504,*CCCCCCCCCCCC,*CC(*)(C)C(=O)OCCN(C)C,*CC(*)C(=O)OCC(CC)CCCC,*SC(=S)SC(C)C(=O)O,20,2,170.34,0,0,0,4.9272,9,12,0,56.4385619,159.229,29.54,0,3,0.7472,4,11,0,121.2604657,186.295,26.3,0,2,3.156,7,13,0,132.0519685,182.291,37.3,2,3,1.4074,2,9,0,133.7744375,7185.5273,533.2895361,1209.848386,0.007136375,3.214976235
100,2505,*CCCCCCCCCCCC,*CC(*)(C)C(=O)OCCN(C)C,*CC(*)C(=O)OCC(CC)CCCC,*SC(=S)SC(C)C(=O)O,20,1,170.34,0,0,0,4.9272,9,12,0,56.4385619,159.229,29.54,0,3,0.7472,4,11,0,121.2604657,186.295,26.3,0,2,3.156,7,13,0,132.0519685,182.291,37.3,2,3,1.4074,2,9,0,133.7744375,3582.1759,744.2063172,1865.850797,0.004849699,4.839936611
100,2506,*CCCCCCCCCCCC,*CC(*)(C)C(=O)OCCN(C)C,*CC(*)C(=O)OCC(CC)CCCC,*SC(=S)SC(C)C(=O)O,20,0.5,170.34,0,0,0,4.9272,9,12,0,56.4385619,159.229,29.54,0,3,0.7472,4,11,0,121.2604657,186.295,26.3,0,2,3.156,7,13,0,132.0519685,182.291,37.3,2,3,1.4074,2,9,0,133.7744375,4038.468,880.7024664,1805.858435,0.008887133,4.145646943
100,2510,*CCCCCCCCCCCC,*CC(*)C(=O)OCCN(C)C,*CC(*)C(=O)OCCOc1ccccc1,*SC(=S)SC(C)C(=O)O,5,2,170.34,0,0,0,4.9272,9,12,0,56.4385619,145.202,29.54,0,3,0.5012,4,10,0,101.7792292,194.23,35.53,0,3,2.0186,5,14,1,269.1209499,182.291,37.3,2,3,1.4074,2,9,0,133.7744375,5012.17,1431.6002,1153.821346,0.010275418,2.068185862
100,2511,*CCCCCCCCCCCC,*CC(*)C(=O)OCCN(C)C,*CC(*)C(=O)OCCOc1ccccc1,*SC(=S)SC(C)C(=O)O,5,1,170.34,0,0,0,4.9272,9,12,0,56.4385619,145.202,29.54,0,3,0.5012,4,10,0,101.7792292,194.23,35.53,0,3,2.0186,5,14,1,269.1209499,182.291,37.3,2,3,1.4074,2,9,0,133.7744375,2121.4179,2202.0128,1376.816105,0.009400129,2.511214701
100,2512,*CCCCCCCCCCCC,*CC(*)C(=O)OCCN(C)C,*CC(*)C(=O)OCCOc1ccccc1,*SC(=S)SC(C)C(=O)O,5,0.5,170.34,0,0,0,4.9272,9,12,0,56.4385619,145.202,29.54,0,3,0.5012,4,10,0,101.7792292,194.23,35.53,0,3,2.0186,5,14,1,269.1209499,182.291,37.3,2,3,1.4074,2,9,0,133.7744375,1624.049,1824.404,2030.287252,0.009032456,3.055760465
100,2513,*CCCCCCCCCCCC,*CC(*)C(=O)OCCN(C)C,*CC(*)C(=O)OCCOc1ccccc1,*SC(=S)SC(C)C(=O)O,10,2,170.34,0,0,0,4.9272,9,12,0,56.4385619,145.202,29.54,0,3,0.5012,4,10,0,101.7792292,194.23,35.53,0,3,2.0186,5,14,1,269.1209499,182.291,37.3,2,3,1.4074,2,9,0,133.7744375,5825.2473,3740.9699,1170.962214,0.003621147,2.353146546
100,2514,*CCCCCCCCCCCC,*CC(*)C(=O)OCCN(C)C,*CC(*)C(=O)OCCOc1ccccc1,*SC(=S)SC(C)C(=O)O,10,1,170.34,0,0,0,4.9272,9,12,0,56.4385619,145.202,29.54,0,3,0.5012,4,10,0,101.7792292,194.23,35.53,0,3,2.0186,5,14,1,269.1209499,182.291,37.3,2,3,1.4074,2,9,0,133.7744375,4710.173,1853.8165,4055.232819,0.010629379,2.70457945
100,2515,*CCCCCCCCCCCC,*CC(*)C(=O)OCCN(C)C,*CC(*)C(=O)OCCOc1ccccc1,*SC(=S)SC(C)C(=O)O,10,0.5,170.34,0,0,0,4.9272,9,12,0,56.4385619,145.202,29.54,0,3,0.5012,4,10,0,101.7792292,194.23,35.53,0,3,2.0186,5,14,1,269.1209499,182.291,37.3,2,3,1.4074,2,9,0,133.7744375,2954.2809,2182.655,1335.951613,0.036791982,2.665111737
100,2516,*CCCCCCCCCCCC,*CC(*)C(=O)OCCN(C)C,*CC(*)C(=O)OCCOc1ccccc1,*SC(=S)SC(C)C(=O)O,20,2,170.34,0,0,0,4.9272,9,12,0,56.4385619,145.202,29.54,0,3,0.5012,4,10,0,101.7792292,194.23,35.53,0,3,2.0186,5,14,1,269.1209499,182.291,37.3,2,3,1.4074,2,9,0,133.7744375,2874.3101,824.7102,1310.493094,0.005668208,2.699404082
100,2517,*CCCCCCCCCCCC,*CC(*)C(=O)OCCN(C)C,*CC(*)C(=O)OCCOc1ccccc1,*SC(=S)SC(C)C(=O)O,20,1,170.34,0,0,0,4.9272,9,12,0,56.4385619,145.202,29.54,0,3,0.5012,4,10,0,101.7792292,194.23,35.53,0,3,2.0186,5,14,1,269.1209499,182.291,37.3,2,3,1.4074,2,9,0,133.7744375,2857.369,1440.1225,647.2459654,0.045475526,3.268694954
100,2518,*CCCCCCCCCCCC,*CC(*)C(=O)OCCN(C)C,*CC(*)C(=O)OCCOc1ccccc1,*SC(=S)SC(C)C(=O)O,20,0.5,170.34,0,0,0,4.9272,9,12,0,56.4385619,145.202,29.54,0,3,0.5012,4,10,0,101.7792292,194.23,35.53,0,3,2.0186,5,14,1,269.1209499,182.291,37.3,2,3,1.4074,2,9,0,133.7744375,3230.7643,1739.514,1655.132108,0.008937741,3.28057837
100,2522,*CCCCCCCCCCCC,*CC(*)C(=O)OCCN(C)C,*CC(*)(C)C(=O)OCCCCCC,*SC(=S)SC(C)C(=O)O,5,2,170.34,0,0,0,4.9272,9,12,0,56.4385619,145.202,29.54,0,3,0.5012,4,10,0,101.7792292,172.268,26.3,0,2,2.7659,6,12,0,119.0069869,182.291,37.3,2,3,1.4074,2,9,0,133.7744375,3369.7291,2334.7056,1610.239265,0.00607183,2.487138375
100,2523,*CCCCCCCCCCCC,*CC(*)C(=O)OCCN(C)C,*CC(*)(C)C(=O)OCCCCCC,*SC(=S)SC(C)C(=O)O,5,1,170.34,0,0,0,4.9272,9,12,0,56.4385619,145.202,29.54,0,3,0.5012,4,10,0,101.7792292,172.268,26.3,0,2,2.7659,6,12,0,119.0069869,182.291,37.3,2,3,1.4074,2,9,0,133.7744375,2564.1745,1345.0453,1511.308921,0.00508343,2.626853415
100,2524,*CCCCCCCCCCCC,*CC(*)C(=O)OCCN(C)C,*CC(*)(C)C(=O)OCCCCCC,*SC(=S)SC(C)C(=O)O,5,0.5,170.34,0,0,0,4.9272,9,12,0,56.4385619,145.202,29.54,0,3,0.5012,4,10,0,101.7792292,172.268,26.3,0,2,2.7659,6,12,0,119.0069869,182.291,37.3,2,3,1.4074,2,9,0,133.7744375,1897.1045,1249.2134,1875.433106,0.003941518,2.710540448
100,2525,*CCCCCCCCCCCC,*CC(*)C(=O)OCCN(C)C,*CC(*)(C)C(=O)OCCCCCC,*SC(=S)SC(C)C(=O)O,10,2,170.34,0,0,0,4.9272,9,12,0,56.4385619,145.202,29.54,0,3,0.5012,4,10,0,101.7792292,172.268,26.3,0,2,2.7659,6,12,0,119.0069869,182.291,37.3,2,3,1.4074,2,9,0,133.7744375,2633.0697,2103.5807,1568.312944,0.005750921,2.261262869
100,2526,*CCCCCCCCCCCC,*CC(*)C(=O)OCCN(C)C,*CC(*)(C)C(=O)OCCCCCC,*SC(=S)SC(C)C(=O)O,10,1,170.34,0,0,0,4.9272,9,12,0,56.4385619,145.202,29.54,0,3,0.5012,4,10,0,101.7792292,172.268,26.3,0,2,2.7659,6,12,0,119.0069869,182.291,37.3,2,3,1.4074,2,9,0,133.7744375,1852.0093,1965.0924,1813.633547,0.00532232,2.171726454
100,2527,*CCCCCCCCCCCC,*CC(*)C(=O)OCCN(C)C,*CC(*)(C)C(=O)OCCCCCC,*SC(=S)SC(C)C(=O)O,10,0.5,170.34,0,0,0,4.9272,9,12,0,56.4385619,145.202,29.54,0,3,0.5012,4,10,0,101.7792292,172.268,26.3,0,2,2.7659,6,12,0,119.0069869,182.291,37.3,2,3,1.4074,2,9,0,133.7744375,13767.8457,4042.1391,1064.579348,0.003497778,3.566732029
100,2528,*CCCCCCCCCCCC,*CC(*)C(=O)OCCN(C)C,*CC(*)(C)C(=O)OCCCCCC,*SC(=S)SC(C)C(=O)O,20,2,170.34,0,0,0,4.9272,9,12,0,56.4385619,145.202,29.54,0,3,0.5012,4,10,0,101.7792292,172.268,26.3,0,2,2.7659,6,12,0,119.0069869,182.291,37.3,2,3,1.4074,2,9,0,133.7744375,2637.2495,1549.0713,1170.079024,0.016450161,2.753583059
100,2529,*CCCCCCCCCCCC,*CC(*)C(=O)OCCN(C)C,*CC(*)(C)C(=O)OCCCCCC,*SC(=S)SC(C)C(=O)O,20,1,170.34,0,0,0,4.9272,9,12,0,56.4385619,145.202,29.54,0,3,0.5012,4,10,0,101.7792292,172.268,26.3,0,2,2.7659,6,12,0,119.0069869,182.291,37.3,2,3,1.4074,2,9,0,133.7744375,4044.2103,1466.9733,1117.283823,0.038139834,2.98788961
100,2530,*CCCCCCCCCCCC,*CC(*)C(=O)OCCN(C)C,*CC(*)(C)C(=O)OCCCCCC,*SC(=S)SC(C)C(=O)O,20,0.5,170.34,0,0,0,4.9272,9,12,0,56.4385619,145.202,29.54,0,3,0.5012,4,10,0,101.7792292,172.268,26.3,0,2,2.7659,6,12,0,119.0069869,182.291,37.3,2,3,1.4074,2,9,0,133.7744375,4096.7852,1650.0194,1203.13958,0.013483787,3.20709554
100,2534,*CCCCCCCCCCCC,*CC(*)C(=O)OCCN(C)C,*CC(*)C(=O)OCC(CC)CCCC,*SC(=S)SC(C)C(=O)O,5,2,170.34,0,0,0,4.9272,9,12,0,56.4385619,145.202,29.54,0,3,0.5012,4,10,0,101.7792292,186.295,26.3,0,2,3.156,7,13,0,132.0519685,182.291,37.3,2,3,1.4074,2,9,0,133.7744375,4356.3947,2306.2616,947.1197868,0.021988604,3.25791845
100,2535,*CCCCCCCCCCCC,*CC(*)C(=O)OCCN(C)C,*CC(*)C(=O)OCC(CC)CCCC,*SC(=S)SC(C)C(=O)O,5,1,170.34,0,0,0,4.9272,9,12,0,56.4385619,145.202,29.54,0,3,0.5012,4,10,0,101.7792292,186.295,26.3,0,2,3.156,7,13,0,132.0519685,182.291,37.3,2,3,1.4074,2,9,0,133.7744375,3073.8714,1464.3404,1120.314417,0.016241531,3.7748453
100,2536,*CCCCCCCCCCCC,*CC(*)C(=O)OCCN(C)C,*CC(*)C(=O)OCC(CC)CCCC,*SC(=S)SC(C)C(=O)O,5,0.5,170.34,0,0,0,4.9272,9,12,0,56.4385619,145.202,29.54,0,3,0.5012,4,10,0,101.7792292,186.295,26.3,0,2,3.156,7,13,0,132.0519685,182.291,37.3,2,3,1.4074,2,9,0,133.7744375,3238.9872,1090.4717,1226.045705,0.023831858,3.468421184
100,2537,*CCCCCCCCCCCC,*CC(*)C(=O)OCCN(C)C,*CC(*)C(=O)OCC(CC)CCCC,*SC(=S)SC(C)C(=O)O,10,2,170.34,0,0,0,4.9272,9,12,0,56.4385619,145.202,29.54,0,3,0.5012,4,10,0,101.7792292,186.295,26.3,0,2,3.156,7,13,0,132.0519685,182.291,37.3,2,3,1.4074,2,9,0,133.7744375,1980.2031,1216.852,1558.0388,0.022095645,2.882239848
100,2538,*CCCCCCCCCCCC,*CC(*)C(=O)OCCN(C)C,*CC(*)C(=O)OCC(CC)CCCC,*SC(=S)SC(C)C(=O)O,10,1,170.34,0,0,0,4.9272,9,12,0,56.4385619,145.202,29.54,0,3,0.5012,4,10,0,101.7792292,186.295,26.3,0,2,3.156,7,13,0,132.0519685,182.291,37.3,2,3,1.4074,2,9,0,133.7744375,1854.4448,708.4115,NAN_ymax,NAN_k,4.660348379
100,2539,*CCCCCCCCCCCC,*CC(*)C(=O)OCCN(C)C,*CC(*)C(=O)OCC(CC)CCCC,*SC(=S)SC(C)C(=O)O,10,0.5,170.34,0,0,0,4.9272,9,12,0,56.4385619,145.202,29.54,0,3,0.5012,4,10,0,101.7792292,186.295,26.3,0,2,3.156,7,13,0,132.0519685,182.291,37.3,2,3,1.4074,2,9,0,133.7744375,2474.1603,1318.8512,756.3336861,0.04481871,3.159266331
100,2540,*CCCCCCCCCCCC,*CC(*)C(=O)OCCN(C)C,*CC(*)C(=O)OCC(CC)CCCC,*SC(=S)SC(C)C(=O)O,20,2,170.34,0,0,0,4.9272,9,12,0,56.4385619,145.202,29.54,0,3,0.5012,4,10,0,101.7792292,186.295,26.3,0,2,3.156,7,13,0,132.0519685,182.291,37.3,2,3,1.4074,2,9,0,133.7744375,996.5347,1357.3535,4567.990011,0.001720781,3.105680463
100,2541,*CCCCCCCCCCCC,*CC(*)C(=O)OCCN(C)C,*CC(*)C(=O)OCC(CC)CCCC,*SC(=S)SC(C)C(=O)O,20,1,170.34,0,0,0,4.9272,9,12,0,56.4385619,145.202,29.54,0,3,0.5012,4,10,0,101.7792292,186.295,26.3,0,2,3.156,7,13,0,132.0519685,182.291,37.3,2,3,1.4074,2,9,0,133.7744375,13757.2847,3491.3926,1356.803668,0.024781991,5.586260336
100,2542,*CCCCCCCCCCCC,*CC(*)C(=O)OCCN(C)C,*CC(*)C(=O)OCC(CC)CCCC,*SC(=S)SC(C)C(=O)O,20,0.5,170.34,0,0,0,4.9272,9,12,0,56.4385619,145.202,29.54,0,3,0.5012,4,10,0,101.7792292,186.295,26.3,0,2,3.156,7,13,0,132.0519685,182.291,37.3,2,3,1.4074,2,9,0,133.7744375,4292.3542,1378.9724,2108.367687,0.041210027,3.44208763